,discriminator_loss,discriminator_accuracy,gan_loss,gan_accuracy,generated_sequences
0,-0.7610742449760437,0.0,0.7465910911560059,1.0,smvvvvvjgz
1,-0.8117375373840332,0.05000000074505806,0.8431057333946228,1.0,pännnddqçh
2,-0.8574855923652649,0.0,0.8791723251342773,1.0,hddşş0ggıb
3,-0.8550518155097961,0.05000000074505806,0.9292207956314087,1.0,co cccfpnn
4,-0.03949335962533951,0.5,0.922584056854248,1.0,äppäggghff
5,-0.926345944404602,0.0,0.9172819256782532,1.0,hhnaaqqhjj
6,-0.9414165616035461,0.0,0.9118369221687317,1.0,veaeabbbbb
7,-0.9455795288085938,0.0,0.916060745716095,1.0,zvmeşşştıç
8,-0.922375500202179,0.0,0.918477475643158,1.0,äficcpdggg
9,-0.9353845715522766,0.0,0.9260774850845337,1.0,akqqqjjljj
10,-0.9285463690757751,0.0,0.9300808310508728,1.0,pbkvnüüünn
11,-0.9349176287651062,0.0,0.9316379427909851,1.0,gçppggfffh
12,-0.9176856875419617,0.0,0.93877774477005,1.0,usffiiinak
13,-0.9326675534248352,0.0,0.9434912800788879,1.0,şninbbqbbo
14,-0.9499418139457703,0.0,0.9475666284561157,1.0,pppgppp000
15,-0.9696677327156067,0.0,0.9521846771240234,1.0,ggaabl00vm
16,-0.9698290824890137,0.0,0.9559525847434998,1.0,vjkkkk0ñbb
17,-0.9468975067138672,0.0,0.9606760144233704,1.0,ffşdşnnegd
18,-0.9744725227355957,0.0,0.9653500914573669,1.0,azzzrrsrzr
19,-0.9553140997886658,0.0,0.9700632095336914,1.0,pntttziiit
20,-0.9732046127319336,0.0,0.9728958010673523,1.0,m0fşñaooor
21,-0.9839054346084595,0.0,0.9779726266860962,1.0,çjjjgzzçor
22,-0.9873830676078796,0.0,0.9793898463249207,1.0,ioççççdsaf
23,-0.9817720651626587,0.0,0.9830412268638611,1.0,cciiizzgrm
24,-0.9902698397636414,0.0,0.98566734790802,1.0,ühhphlblll
25,-0.9881834983825684,0.0,0.9865071177482605,1.0,szvzcäähhh
26,-0.9919403195381165,0.0,0.9883389472961426,1.0,uaaaa yggg
27,-0.9912776350975037,0.0,0.9899482727050781,1.0,v kqdz  cc
28,-0.9926151633262634,0.0,0.9920749664306641,1.0,cjggggggfp
29,-0.9834787249565125,0.0,0.9926052093505859,1.0,fffgg000hc
30,-0.9791693687438965,0.0,0.9935991168022156,1.0,bbbççç  çt
31,-0.9962170720100403,0.0,0.9936819076538086,1.0,iäfffcc00d
32,-0.9968631863594055,0.0,0.9943275451660156,1.0,uynnşvvvlä
33,-0.9968491792678833,0.0,0.9950850605964661,1.0,urbçşgkiiv
34,-0.996289849281311,0.0,0.9956758618354797,1.0,büüäçnn0bb
35,-0.9973997473716736,0.0,0.9964046478271484,1.0,iädşşşgqkç
36,-0.9979864358901978,0.0,0.9971874356269836,1.0,  kkdddooc
37,-0.9946004152297974,0.0,0.9971269965171814,1.0,avvülbnnbd
38,-0.998147189617157,0.0,0.9971028566360474,1.0,çççççnnnaq
39,-0.9978286623954773,0.0,0.9971721768379211,1.0,nnnünıödnn
40,-0.9979761242866516,0.0,0.9977046847343445,1.0,qffqzzzppp
41,-0.9983009696006775,0.0,0.9982796907424927,1.0,vbb  qqççç
42,-0.9984999895095825,0.0,0.9979631304740906,1.0,rşnnppefii
43,-0.9984377026557922,0.0,0.9982799887657166,1.0,pllletñbba
44,-0.9989410638809204,0.0,0.9985310435295105,1.0,thpçüüäään
45,-0.9984676241874695,0.0,0.9986820220947266,1.0,çdvqeqqççç
46,-0.9990842938423157,0.0,0.9983637928962708,1.0,a 0gglibbb
47,-0.9955753684043884,0.0,0.9988498687744141,1.0,üüüçrgggg 
48,-0.9990736246109009,0.0,0.998931884765625,1.0,kkkkk00bbl
49,-0.9993461966514587,0.0,0.9991436004638672,1.0,şşiöcnşbğö
50,-0.9990372061729431,0.0,0.998857319355011,1.0,ggıkhhhhkk
51,-0.9992850422859192,0.0,0.9991037249565125,1.0,eeeñnffäää
52,-0.9994556307792664,0.0,0.9992654919624329,1.0,da   mvvjj
53,-0.9994493722915649,0.0,0.999180018901825,1.0,öooçsççççh
54,-0.999538242816925,0.0,0.9993366599082947,1.0,vvipiiiifb
55,-0.9995989203453064,0.0,0.9993883371353149,1.0,ngggggpmmd
56,-0.999269425868988,0.0,0.9994150400161743,1.0,ikkkkdppss
57,-0.999660313129425,0.0,0.9994587898254395,1.0,ggggugggfz
58,-0.999616801738739,0.0,0.9995469450950623,1.0,kgşñii  cc
59,-0.9996500015258789,0.0,0.9995279312133789,1.0,lh000zgkkk
60,-0.9996738433837891,0.0,0.9995554089546204,1.0,kkkdpppñña
61,-0.9995098114013672,0.0,0.9995660781860352,1.0,hiäääääcçç
62,-0.999555766582489,0.0,0.9996736645698547,1.0,ğşşşvvvvbb
63,-0.9994152188301086,0.0,0.9997097253799438,1.0,mmannnaatt
64,-0.9997871518135071,0.0,0.9996570944786072,1.0,bgggg k0 n
65,-0.9997859001159668,0.0,0.9997441172599792,1.0,zssmmmmmey
66,-0.9997929930686951,0.0,0.9997076988220215,1.0,kbnntübsss
67,-0.9996709823608398,0.0,0.9996967315673828,1.0,vvvmbbnjjp
68,-0.9998376965522766,0.0,0.999772846698761,1.0,atzptzzzzp
69,-0.9998618364334106,0.0,0.9997958540916443,1.0,çççççcummm
70,-0.9997228980064392,0.0,0.9998043179512024,1.0,bbbbçhhhaj
71,-0.9998651742935181,0.0,0.9998070001602173,1.0,apjjkkdgpä
72,-0.9993457198143005,0.0,0.9998010993003845,1.0,veeeerffff
73,-0.9996981024742126,0.0,0.9998326301574707,1.0,määääkbbkb
74,-0.9997922778129578,0.0,0.9998346567153931,1.0,füüraaıogg
75,-0.9998527765274048,0.0,0.9998548626899719,1.0,bhnnfpphpp
76,-0.999836266040802,0.0,0.9998630881309509,1.0,bzbbdşşd00
77,-0.9998888969421387,0.0,0.9998632669448853,1.0,çç   0çççç
78,-0.9998902678489685,0.0,0.999858558177948,1.0,ppşşfffffp
79,-0.9998534321784973,0.0,0.9998771548271179,1.0,oybjbiöövv
80,-0.9995941519737244,0.0,0.9998822212219238,1.0,etşnnnorbü
81,5.663633419317193e-05,0.5,0.9999033212661743,1.0,dökltvvvhä
82,-0.9999275207519531,0.0,0.9999030232429504,1.0,vvvvkjääää
83,-0.999870240688324,0.0,0.999908447265625,1.0,iioclc00bb
84,-0.9999305605888367,0.0,0.9999309778213501,1.0,gığbğğbbbä
85,-0.9999262094497681,0.0,0.9998969435691833,1.0,hhdplnbbbn
86,-0.999921441078186,0.0,0.9999074339866638,1.0,öäççsüübcs
87,-0.9999418258666992,0.0,0.9999073147773743,1.0,bpaaabbbgp
88,-0.999951183795929,0.0,0.9999297261238098,1.0,üloqqquççv
89,-0.999927818775177,0.0,0.9999415278434753,1.0,üäääägghfg
90,-0.9999596476554871,0.0,0.9999300837516785,1.0,shççddjblğ
91,-0.9999445080757141,0.0,0.9999314546585083,1.0,oo0ııımmpp
92,-0.9999635815620422,0.0,0.9999485015869141,1.0,ijooooüüii
93,-0.9999608397483826,0.0,0.9999427795410156,1.0,hgfddudödu
94,-0.9999656081199646,0.0,0.9999614953994751,1.0,üg0odoşşjo
95,-0.9999628067016602,0.0,0.9999663233757019,1.0,çççaaasvvv
96,-0.9999759793281555,0.0,0.9999589920043945,1.0,gjpgggqkkv
97,-0.999971866607666,0.0,0.9999521374702454,1.0,oşoooooççn
98,-0.9999694228172302,0.0,0.9999581575393677,1.0,gmääääääää
99,-0.9999759793281555,0.0,0.999960720539093,1.0,brkooññnnb
100,-0.9999761581420898,0.0,0.9999663233757019,1.0,s00ssglhhh
101,-0.9999797940254211,0.0,0.9999591708183289,1.0,jhñqpbbzgg
102,-0.999957263469696,0.0,0.9999632239341736,1.0,ppppppdkna
103,-0.9999760985374451,0.0,0.9999653697013855,1.0,üünkkjpgrm
104,-0.9999825358390808,0.0,0.999971866607666,1.0,çhhdıaatqq
105,-0.9999696612358093,0.0,0.9999778866767883,1.0,00zzziñññj
106,-0.9999653100967407,0.0,0.999976634979248,1.0,nnvvvvvvvh
107,-0.9999829530715942,0.0,0.9999748468399048,1.0,0azzmrrlvs
108,-0.9999842047691345,0.0,0.9999744296073914,1.0,eeränffägg
109,-0.9999790191650391,0.0,0.9999791979789734,1.0,liiiiioooo
110,-0.9999862909317017,0.0,0.9999786615371704,1.0,knnüüüoooñ
111,-0.999980092048645,0.0,0.9999820590019226,1.0,oaaçççc000
112,-0.9999887347221375,0.0,0.9999790191650391,1.0,hıbçuruöbk
113,-0.9999843835830688,0.0,0.9999875426292419,1.0, 00rmmvvmm
114,-0.9999451041221619,0.0,0.9999853372573853,1.0,aiiiobbblh
115,-0.9999879002571106,0.0,0.9999832510948181,1.0,tbbşññññçk
116,-0.9999874234199524,0.0,0.9999868273735046,1.0,rrmmmqmmpp
117,-0.9999794960021973,0.0,0.9999875426292419,1.0,jupjüqqqyı
118,-0.9999895095825195,0.0,0.9999847412109375,1.0,guuörrmmçç
119,-0.9999905824661255,0.0,0.9999905824661255,1.0,ddhlpppgln
120,-0.9999909400939941,0.0,0.9999908804893494,1.0,şöönşnnppk
121,-0.9999853372573853,0.0,0.9999910593032837,1.0,lbbüojhllç
122,-0.9999921917915344,0.0,0.9999910593032837,1.0,bnnnzpnakv
123,-0.9999935030937195,0.0,0.9999925494194031,1.0,zhlllssnna
124,-0.9999918937683105,0.0,0.9999915361404419,1.0,kbittk ojj
125,-0.9999921917915344,0.0,0.9999917149543762,1.0,0000fffähh
126,4.0054324017546605e-06,0.5,0.999992847442627,1.0,rprğrjrfäb
127,-0.9999925494194031,0.0,0.9999893307685852,1.0,rrrrrmnnnç
128,-0.9999951720237732,0.0,0.999992847442627,1.0,hhhhrioırv
129,-0.9999923706054688,0.0,0.9999944567680359,1.0,vökkjfpppp
130,-0.9999895095825195,0.0,0.9999943971633911,1.0,änbbbbbiio
131,-0.9999950528144836,0.0,0.9999953508377075,1.0,pkkşöñşrğb
132,-0.9999927878379822,0.0,0.9999935030937195,1.0,pkjjkççröö
133,-0.9999958276748657,0.0,0.9999955296516418,1.0, aüroñbblq
134,-0.999994695186615,0.0,0.9999937415122986,1.0,pppfööddşf
135,-0.9999967813491821,0.0,0.9999951720237732,1.0,kpqjpppnff
136,-0.9999942779541016,0.0,0.9999958872795105,1.0,jhhhkhhppf
137,-0.9999969601631165,0.0,0.9999967813491821,1.0,önnüüşççee
138,-0.9999975562095642,0.0,0.9999964833259583,1.0,bvvvıa00ıb
139,-0.9999975562095642,0.0,0.9999961256980896,1.0,jiqqdddñbd
140,-0.9999963641166687,0.0,0.9999961256980896,1.0,ccccfjaggh
141,-0.9999967813491821,0.0,0.9999957084655762,1.0,bbbuerobbb
142,-0.9999971389770508,0.0,0.9999971389770508,1.0,ç0jpbbääsm
143,-0.9999977350234985,0.0,0.9999963045120239,1.0,bbbnnnbket
144,-0.9999973177909851,0.0,0.9999966025352478,1.0,ılğhhorrbo
145,-0.9999977946281433,0.0,0.9999977350234985,1.0,ñçllbbslgg
146,-0.9999972581863403,0.0,0.9999963045120239,1.0,kffüüüv ll
147,-0.9999974370002747,0.0,0.9999975562095642,1.0,ohşgfpkkçs
148,-0.9999980926513672,0.0,0.9999974370002747,1.0,çvıhhhhhss
149,-0.9999982714653015,0.0,0.9999983906745911,1.0,k000fffssh
150,-0.9999980330467224,0.0,0.9999982714653015,1.0,ççuggğççıı
151,-0.9999986886978149,0.0,0.9999980330467224,1.0,eçççonöönn
152,-0.9999972581863403,0.0,0.9999982714653015,1.0,zzfpiiifai
153,-0.9999990463256836,0.0,0.9999982118606567,1.0,jooooffbeb
154,-0.9999977350234985,0.0,0.9999986886978149,1.0,püevv  oob
155,-0.9999982714653015,0.0,0.9999986886978149,1.0,bnkşşşşsva
156,-0.9999983906745911,0.0,0.9999982714653015,1.0,zşızkoobgg
157,-0.9999985098838806,0.0,0.9999988675117493,1.0,cczfffffpf
158,-0.9999986886978149,0.0,0.9999980926513672,1.0,ggzznğnnşd
159,-0.9999986886978149,0.0,0.9999989867210388,1.0,üviocfiidd
160,-0.9999988675117493,0.0,0.9999987483024597,1.0,g0öööscööö
161,-0.9999986886978149,0.0,0.9999988675117493,1.0,nnçöööööiş
162,-0.9999991655349731,0.0,0.9999988675117493,1.0,nunüüettää
163,-0.9999990463256836,0.0,0.9999990463256836,1.0,nnünnnaaaa
164,-0.9999988675117493,0.0,0.9999989867210388,1.0,rzbttdımmm
165,-0.9999990463256836,0.0,0.9999990463256836,1.0,goääkjjjbb
166,-0.9999992251396179,0.0,0.9999992251396179,1.0,epnnbzgggi
167,-0.9999991655349731,0.0,0.9999987483024597,1.0,ızmmmtttoç
168,-0.9999990463256836,0.0,0.9999990463256836,1.0,zzzbtlkdkö
169,-0.999999463558197,0.0,0.9999993443489075,1.0,fşiagääbqç
170,-0.9999985694885254,0.0,0.9999990463256836,1.0,etqq 0üllb
171,-0.9999996423721313,0.0,0.9999991655349731,1.0,äoäcooobbg
172,-0.9999990463256836,0.0,0.9999991655349731,1.0,heoppppf0f
173,-0.999999463558197,0.0,0.9999993443489075,1.0,vpvbäpbbbz
174,-0.9999993443489075,0.0,0.999999463558197,1.0,ooiha0rrcc
175,-0.9999992251396179,0.0,0.999999463558197,1.0,şvzgqbbbbb
176,-0.9999996423721313,0.0,0.999999463558197,1.0,d0bçiiiiää
177,-0.9999985098838806,0.0,0.9999995231628418,1.0, llikkkkff
178,-0.9999995231628418,0.0,0.9999992251396179,1.0,ggc0iiitpö
179,-0.9999996423721313,0.0,0.9999995231628418,1.0,hhiibäaggk
180,-0.9999997019767761,0.0,0.9999995231628418,1.0, fjjf aaa 
181,-0.9999996423721313,0.0,0.9999993443489075,1.0,ççççç0dddü
182,-0.9999997019767761,0.0,0.999999463558197,1.0,ppmucdibgj
183,-0.9999997019767761,0.0,0.9999996423721313,1.0,ppgppp0hpa
184,-0.9999997019767761,0.0,0.9999995231628418,1.0,şñgşñff0vp
185,-0.9999998211860657,0.0,0.9999996423721313,1.0,dmçççqmmms
186,-0.9999997019767761,0.0,0.9999996423721313,1.0,ızzzööööoo
187,-0.999999463558197,0.0,0.9999997019767761,1.0,gmmmvmmmgm
188,-0.9999998211860657,0.0,0.9999996423721313,1.0,pphh ohiiz
189,-0.9999997019767761,0.0,0.9999997019767761,1.0,bppppfpppp
190,-0.9999998211860657,0.0,0.9999996423721313,1.0,isşikjyjjü
191,-0.9999998211860657,0.0,0.9999998211860657,1.0,0dvvotvvöl
192,-0.9999998211860657,0.0,0.9999996423721313,1.0,hdjclbbna 
193,-0.9999998211860657,0.0,0.9999998211860657,1.0,   00apüps
194,-0.9999998211860657,0.0,0.9999998211860657,1.0,tteeugkkba
195,-0.9999998211860657,0.0,0.9999998211860657,1.0,bmrrççççgg
196,-0.9999998211860657,0.0,0.9999998211860657,1.0, ioffiiiot
197,-0.9999998211860657,0.0,0.9999998211860657,1.0,kşröçt0ttt
198,-0.9999997019767761,0.0,0.9999997019767761,1.0,nnbdbççsçç
199,-0.9999996423721313,0.0,0.9999998211860657,1.0,pkhaaaafss
200,-0.9999999403953552,0.0,0.9999998211860657,1.0,coddpppöön
201,-0.9999998211860657,0.0,0.9999998211860657,1.0,çäoeşşpiii
202,-0.9999997019767761,0.0,0.9999998211860657,1.0,durçödşşig
203,-0.9999998211860657,0.0,0.9999999403953552,1.0,rösffffffc
204,-0.9999998211860657,0.0,0.9999999403953552,1.0,ısühqqfkdd
205,-0.9999998211860657,0.0,0.9999999403953552,1.0,cnübsdççdd
206,-0.9999999403953552,0.0,0.9999998211860657,1.0,ıñmmpuuf00
207,-0.9999998211860657,0.0,0.9999998211860657,1.0,pjşfşgjfpş
208,-0.9999999403953552,0.0,0.9999999403953552,1.0,ogbkaaavhç
209,-0.9999998211860657,0.0,0.9999999403953552,1.0,cggjffkkkk
210,-0.9999998211860657,0.0,0.9999998211860657,1.0,vhpjjjhhhs
211,-0.9999999403953552,0.0,0.9999999403953552,1.0,micekk0 ü 
212,-0.9999999403953552,0.0,0.9999998211860657,1.0,nllbkvñgoo
213,-0.9999999403953552,0.0,0.9999999403953552,1.0,naabdffffi
214,-0.9999999403953552,0.0,0.9999998211860657,1.0,mmeaggggzz
215,-0.9999999403953552,0.0,0.9999999403953552,1.0,oğmccccnon
216,-0.9999999403953552,0.0,0.9999999403953552,1.0,ppppplabbl
217,-0.9999999403953552,0.0,0.9999999403953552,1.0,iüğiiişşää
218,-0.9999999403953552,0.0,0.9999999403953552,1.0,taaooootçç
219,-1.0,0.0,0.9999999403953552,1.0,ççmmmbkönn
220,-0.9999999403953552,0.0,0.9999999403953552,1.0,işnñffmiii
221,-0.9999999403953552,0.0,0.9999999403953552,1.0,jqqqppbkkk
222,-1.0,0.0,0.9999999403953552,1.0,bbççllllit
223,-0.9999999403953552,0.0,0.9999999403953552,1.0,eikkklc  f
224,-0.9999999403953552,0.0,1.0,1.0,pppnrggggv
225,-0.9999999403953552,0.0,0.9999999403953552,1.0,    çzggal
226,-1.0,0.0,0.9999999403953552,1.0,qqb0llllgg
227,-1.0,0.0,1.0,1.0,zbbbbbbnbb
228,-1.0,0.0,0.9999999403953552,1.0,käü00ııcjj
229,-1.0,0.0,0.9999999403953552,1.0,hhhçio  gg
230,-1.0,0.0,0.9999999403953552,1.0,trhag00mmf
231,-1.0,0.0,1.0,1.0,ffvkeşşdh0
232,-1.0,0.0,1.0,1.0,  neeevvbb
233,-1.0,0.0,1.0,1.0,mgıüüüüüüj
234,-1.0,0.0,1.0,1.0,izmrtoroiü
235,-1.0,0.0,1.0,1.0,iöuşgbggşd
236,-1.0,0.0,1.0,1.0,icbnlcoobb
237,-1.0,0.0,0.9999999403953552,1.0,diiiü0snşq
238,-1.0,0.0,1.0,1.0,nfdhdööddç
239,-1.0,0.0,1.0,1.0,a füüoooii
240,-1.0,0.0,1.0,1.0,lçenşövvvk
241,1.1920929132713809e-08,0.5,1.0,1.0,0vküüöbvvv
242,-1.0,0.0,1.0,1.0,00auuçççhh
243,-1.0,0.0,1.0,1.0,öppplziiiä
244,-1.0,0.0,1.0,1.0,elzccccszç
245,-1.0,0.0,1.0,1.0,şdtkäoncäf
246,-0.9999999403953552,0.0,1.0,1.0,uu000b0bbb
247,-1.0,0.0,1.0,1.0,kllpppmmdd
248,-1.0,0.0,1.0,1.0,grdvereeçç
249,-1.0,0.0,1.0,1.0,zzzbzrbbbg
250,-1.0,0.0,1.0,1.0,cnroooottf
251,-1.0,0.0,1.0,1.0,vobeüüööbd
252,-1.0,0.0,1.0,1.0,dçrrvvvlgñ
253,-1.0,0.0,1.0,1.0,eehiijhjii
254,-1.0,0.0,1.0,1.0,ggüaooevvn
255,-1.0,0.0,1.0,1.0,ooovvvvkñk
256,1.1920929132713809e-08,0.5,1.0,1.0,jrh rhııññ
257,-1.0,0.0,1.0,1.0,bjldçrşşşv
258,-1.0,0.0,1.0,1.0,zzvcişikcç
259,-1.0,0.0,1.0,1.0,ççkvfjaagg
260,-1.0,0.0,1.0,1.0,çgzrrrmkki
261,-1.0,0.0,1.0,1.0,gnnnvç0iii
262,-1.0,0.0,1.0,1.0,vçvg gkvvi
263,-1.0,0.0,1.0,1.0,şnntzzlşşp
264,-1.0,0.0,1.0,1.0,yyübbbkttk
265,-1.0,0.0,1.0,1.0,ç ä000lzls
266,-1.0,0.0,1.0,1.0,gñiijpfiii
267,-1.0,0.0,1.0,1.0,kcjhpgpppm
268,-1.0,0.0,1.0,1.0,kbeñgnnnnı
269,-1.0,0.0,1.0,1.0,ssökkööööv
270,-1.0,0.0,1.0,1.0,hooouööööş
271,-1.0,0.0,1.0,1.0,jj0000goüj
272,-1.0,0.0,1.0,1.0,çpkkçevvdd
273,-1.0,0.0,1.0,1.0,0çgçiiip 0
274,-1.0,0.0,1.0,1.0,pççççööööd
275,-1.0,0.0,1.0,1.0,ñşşşşşkkgg
276,-1.0,0.0,1.0,1.0,gnığrüümüü
277,-1.0,0.0,1.0,1.0,ühhllgllyh
278,-1.0,0.0,1.0,1.0,l0ääödfdhç
279,-1.0,0.0,1.0,1.0,tsfäoooooo
280,-1.0,0.0,1.0,1.0,bssjsvooln
281,-1.0,0.0,1.0,1.0,büüüüüpaag
282,-1.0,0.0,1.0,1.0,äcçrrtöööö
283,-1.0,0.0,1.0,1.0,iiikkiqqqj
284,-1.0,0.0,1.0,1.0,çcghhqhfdd
285,-1.0,0.0,1.0,1.0,ffiiiivrmm
286,-1.0,0.0,1.0,1.0,pccckkfbvv
287,-1.0,0.0,1.0,1.0,bbnnühhhüp
288,-1.0,0.0,1.0,1.0,jälcllllly
289,-1.0,0.0,1.0,1.0,güüvr0 uuç
290,-1.0,0.0,1.0,1.0,çhçhännner
291,-1.0,0.0,1.0,1.0,rrrffübdçd
292,-1.0,0.0,1.0,1.0,çñvvzşşqçz
293,-1.0,0.0,1.0,1.0,şehıömmmmm
294,-1.0,0.0,1.0,1.0,iipj   jjj
295,-1.0,0.0,1.0,1.0,bmggggçmmö
296,-1.0,0.0,1.0,1.0,rrüjjjkkfk
297,-1.0,0.0,1.0,1.0,üjfbbü0ffk
298,-1.0,0.0,1.0,1.0,üüvzzzçvcc
299,-1.0,0.0,1.0,1.0,bömmmköööç
300,-1.0,0.0,1.0,1.0,ngggcchbnb
301,-1.0,0.0,1.0,1.0,üüırsüsvsö
302,-1.0,0.0,1.0,1.0,0üüvvzvövç
303,-1.0,0.0,1.0,1.0,sz akzkñqv
304,-1.0,0.0,1.0,1.0,ıññqlppp a
305,-1.0,0.0,1.0,1.0,ppggo 0aaı
306,-1.0,0.0,1.0,1.0,öhhpellltt
307,-1.0,0.0,1.0,1.0,eeevdddfff
308,-1.0,0.0,1.0,1.0,jaşrççrrhh
309,-1.0,0.0,1.0,1.0,nööööhiihr
310,-1.0,0.0,1.0,1.0,şdşdj00ihk
311,-1.0,0.0,1.0,1.0,fkkfocrffş
312,-1.0,0.0,1.0,1.0,şşmçbshhaa
313,-1.0,0.0,1.0,1.0,jjnnnnngbg
314,-1.0,0.0,1.0,1.0,jdrrüüooo 
315,-1.0,0.0,1.0,1.0,dzdqqqço  
316,-1.0,0.0,1.0,1.0,ännnnnnnnn
317,-1.0,0.0,1.0,1.0,pföö0adbbb
318,-1.0,0.0,1.0,1.0,ndnnttiiüä
319,-1.0,0.0,1.0,1.0,pvllllsñii
320,-1.0,0.0,1.0,1.0,şqşkkzmhhh
321,-1.0,0.0,1.0,1.0,rüaaaağvzz
322,-1.0,0.0,1.0,1.0,oöddgbi ii
323,-1.0,0.0,1.0,1.0,aağhj pvvz
324,-1.0,0.0,1.0,1.0,çlls0kkkit
325,-1.0,0.0,1.0,1.0,vvıçup ppg
326,-1.0,0.0,1.0,1.0,ömmmmngaüi
327,-1.0,0.0,1.0,1.0,fffşzşggig
328,-1.0,0.0,1.0,1.0, ägäääiiii
329,-1.0,0.0,1.0,1.0,j0hühhihqi
330,-1.0,0.0,1.0,1.0,ooşñvvvzzz
331,-1.0,0.0,1.0,1.0,dddötkkkkv
332,-1.0,0.0,1.0,1.0,0ççç0zpgzz
333,-1.0,0.0,1.0,1.0,ööölssshkk
334,-1.0,0.0,1.0,1.0,açäägkffgz
335,-1.0,0.0,1.0,1.0,dddiçeddqq
336,-1.0,0.0,1.0,1.0,iiiiiiiitt
337,-1.0,0.0,1.0,1.0,çgegggpmmm
338,-1.0,0.0,1.0,1.0,rcccfffeçç
339,-1.0,0.0,1.0,1.0, ppnnüiiii
340,-1.0,0.0,1.0,1.0,dddd  onbe
341,-1.0,0.0,1.0,1.0,nfgüääffgi
342,-1.0,0.0,1.0,1.0,ğğffgffpzz
343,-1.0,0.0,1.0,1.0,agaaaıdddd
344,-1.0,0.0,1.0,1.0,iiggggppgg
345,-1.0,0.0,1.0,1.0,vbbbbbbbbk
346,-1.0,0.0,1.0,1.0,plşlgggfñç
347,0.0,0.5,1.0,1.0,qkccrüüäiü
348,-1.0,0.0,1.0,1.0,iüiaabggff
349,-1.0,0.0,1.0,1.0,qqqqçbiiii
350,-1.0,0.0,1.0,1.0,nbahaaaaaa
351,-1.0,0.0,1.0,1.0,ü0rdcsssna
352,-1.0,0.0,1.0,1.0,kpk jjjfjl
353,-1.0,0.0,1.0,1.0,ggrrşfzğzğ
354,-1.0,0.0,1.0,1.0,el0bgbbbgh
355,-1.0,0.0,1.0,1.0,öhccvvvvvp
356,-1.0,0.0,1.0,1.0,ddidddlöşş
357,-1.0,0.0,1.0,1.0,pppvvlññññ
358,-1.0,0.0,1.0,1.0,ubddnnöfhf
359,-1.0,0.0,1.0,1.0,ooçslüüüli
360,-1.0,0.0,1.0,1.0,bi0qcchlrb
361,-1.0,0.0,1.0,1.0,cñbblmppmv
362,-1.0,0.0,1.0,1.0,pıımöüahhh
363,-1.0,0.0,1.0,1.0,anahhöpäğş
364,-1.0,0.0,1.0,1.0,çnnñsssddd
365,-1.0,0.0,1.0,1.0,ffdddddddf
366,-1.0,0.0,1.0,1.0,iiüüüüüann
367,-1.0,0.0,1.0,1.0,jgleççq0üü
368,-1.0,0.0,1.0,1.0,ödddfgffzz
369,-1.0,0.0,1.0,1.0,çcs u ggpı
370,-1.0,0.0,1.0,1.0,avvaajrbgk
371,-1.0,0.0,1.0,1.0,dçnffciivü
372,-1.0,0.0,1.0,1.0,şşnşşööclç
373,-1.0,0.0,1.0,1.0,nnözvvvrnğ
374,-1.0,0.0,1.0,1.0,kpppmeebqg
375,-1.0,0.0,1.0,1.0,ddbb0nnnnñ
376,-1.0,0.0,1.0,1.0,kbbbbnppgg
377,-1.0,0.0,1.0,1.0,vsvvvvörçr
378,-1.0,0.0,1.0,1.0,kkkjüvvvfo
379,-1.0,0.0,1.0,1.0,ietvttqiii
380,-1.0,0.0,1.0,1.0,zçlllü0tbb
381,-1.0,0.0,1.0,1.0,üüffşğbldd
382,-1.0,0.0,1.0,1.0, jpj llşvv
383,-1.0,0.0,1.0,1.0,00oozizzzz
384,-1.0,0.0,1.0,1.0,odnhatöööö
385,-1.0,0.0,1.0,1.0,jvdçppcccs
386,-1.0,0.0,1.0,1.0,zfffgjjjjä
387,-1.0,0.0,1.0,1.0,tñçaagpgpp
388,-1.0,0.0,1.0,1.0,iooooçççkç
389,-1.0,0.0,1.0,1.0,hhhlpmamaa
390,-1.0,0.0,1.0,1.0,ckfppndnnn
391,-1.0,0.0,1.0,1.0,j00jbbbbbd
392,-1.0,0.0,1.0,1.0,çkkkdnnn ö
393,-1.0,0.0,1.0,1.0,gggraıg0iä
394,-1.0,0.0,1.0,1.0,ñoooggggqq
395,-1.0,0.0,1.0,1.0,gggnnzzzzv
396,-1.0,0.0,1.0,1.0,kobbbbbbbg
397,-1.0,0.0,1.0,1.0,ççççvvssjh
398,-1.0,0.0,1.0,1.0,tttipshhhş
399,-1.0,0.0,1.0,1.0,püüppldddq
400,-1.0,0.0,1.0,1.0,şşşşzzzfff
401,-1.0,0.0,1.0,1.0,kviiiiiojj
402,-1.0,0.0,1.0,1.0,igggc0ggiz
403,-1.0,0.0,1.0,1.0,rggmmvvvñğ
404,-1.0,0.0,1.0,1.0,civccghşnn
405,0.0,0.5,1.0,1.0, ççrrrüooo
406,-1.0,0.0,1.0,1.0,prräbbçççç
407,-1.0,0.0,1.0,1.0,cvööeb zgg
408,-1.0,0.0,1.0,1.0,öviiiiihhh
409,-1.0,0.0,1.0,1.0, kfoobboot
410,-1.0,0.0,1.0,1.0, ggkgkeeea
411,-1.0,0.0,1.0,1.0,0fnnfşşäüç
412,-1.0,0.0,1.0,1.0,giiaaaadpd
413,-1.0,0.0,1.0,1.0,ellhbbfnnd
414,-1.0,0.0,1.0,1.0,rpbbjpääee
415,-1.0,0.0,1.0,1.0,nnnbbäj0ff
416,-1.0,0.0,1.0,1.0,jkggz bbjj
417,-1.0,0.0,1.0,1.0,vvkvçççozz
418,-1.0,0.0,1.0,1.0,ktifffpgbf
419,-1.0,0.0,1.0,1.0,jghhmüüknn
420,-1.0,0.0,1.0,1.0,kkiiiççpzz
421,-1.0,0.0,1.0,1.0,bpmauaaand
422,-1.0,0.0,1.0,1.0,tjhlyçlaef
423,-1.0,0.0,1.0,1.0,vgaggggfii
424,-1.0,0.0,1.0,1.0,vpkşzzzzzd
425,-1.0,0.0,1.0,1.0,bnpnnivmmm
426,-1.0,0.0,1.0,1.0,hupkhublla
427,-1.0,0.0,1.0,1.0,ıvvtrröömm
428,-1.0,0.0,1.0,1.0,nnnaklbççç
429,-1.0,0.0,1.0,1.0,zünpüüüeee
430,-1.0,0.0,1.0,1.0,çmsaasddfj
431,-1.0,0.0,1.0,1.0,zzçççobbbb
432,-1.0,0.0,1.0,1.0,qqjjjoopnn
433,-1.0,0.0,1.0,1.0,u   trrrri
434,-1.0,0.0,1.0,1.0,bfffpfvvüä
435,-1.0,0.0,1.0,1.0,bu ggğğ fz
436,-1.0,0.0,1.0,1.0,pbppadhçdç
437,-1.0,0.0,1.0,1.0,oii0iiicih
438,-1.0,0.0,1.0,1.0,ıı0ioñçççç
439,-1.0,0.0,1.0,1.0, vşşşııqak
440,-1.0,0.0,1.0,1.0,jjyyççi pp
441,-1.0,0.0,1.0,1.0,gghhlünlhz
442,-1.0,0.0,1.0,1.0,bols00zzzk
443,-1.0,0.0,1.0,1.0,ñçhhhbpkik
444,-1.0,0.0,1.0,1.0,ccşşvve ff
445,-1.0,0.0,1.0,1.0,vtlrlppnäb
446,-1.0,0.0,1.0,1.0,dbnfüübbbb
447,-1.0,0.0,1.0,1.0,hhhjfdiibq
448,-1.0,0.0,1.0,1.0,ifkknnüüpv
449,-1.0,0.0,1.0,1.0,foffffppüü
450,-1.0,0.0,1.0,1.0,kşkkobbb j
451,-1.0,0.0,1.0,1.0,k000hhpäbb
452,-1.0,0.0,1.0,1.0,välärrrooo
453,-1.0,0.0,1.0,1.0,üüvbbvvvvv
454,-1.0,0.0,1.0,1.0,nkaddögghf
455,-1.0,0.0,1.0,1.0,annnççvkkd
456,-1.0,0.0,1.0,1.0,tçooeeeofv
457,-1.0,0.0,1.0,1.0,vpnnjejfbb
458,-1.0,0.0,1.0,1.0,vpäääääcpa
459,-1.0,0.0,1.0,1.0,şv abbaaaç
460,-1.0,0.0,1.0,1.0,çeegçhzvvv
461,-1.0,0.0,1.0,1.0,zttiidyygg
462,-1.0,0.0,1.0,1.0,oooooottnb
463,-1.0,0.0,1.0,1.0,ijggbaabbş
464,-1.0,0.0,1.0,1.0,üffffäiikk
465,-1.0,0.0,1.0,1.0,vçkaarpsçş
466,-1.0,0.0,1.0,1.0,kklbbnnbbb
467,-1.0,0.0,1.0,1.0,dbbbkkktdo
468,-1.0,0.0,1.0,1.0,rrrrggcggb
469,-1.0,0.0,1.0,1.0,oiçciiccnb
470,-1.0,0.0,1.0,1.0,rggg 0lllm
471,-1.0,0.0,1.0,1.0,vsnnnndpzz
472,-1.0,0.0,1.0,1.0,vşğbbpppnn
473,-1.0,0.0,1.0,1.0,çföhvaallı
474,-1.0,0.0,1.0,1.0,jgbbbbbtii
475,-1.0,0.0,1.0,1.0,zzgffnmçsv
476,1.1920929132713809e-08,0.5,1.0,1.0,zrgiiitazz
477,-1.0,0.0,1.0,1.0,übbvvşrrra
478,-1.0,0.0,1.0,1.0,ltrlçççççr
479,-1.0,0.0,1.0,1.0,çööpüjjgjf
480,-1.0,0.0,1.0,1.0,nnbnnbbbfz
481,0.0,0.5,1.0,1.0,gohiecccñt
482,-1.0,0.0,1.0,1.0,hhımvvvääi
483,-1.0,0.0,1.0,1.0,nddqçqzvvv
484,-1.0,0.0,1.0,1.0,häppecmmmm
485,-1.0,0.0,1.0,1.0,000dkffföö
486,-1.0,0.0,1.0,1.0,nnjjbbbbbs
487,-1.0,0.0,1.0,1.0,joojçhrrro
488,-1.0,0.0,1.0,1.0,ççlggşghjp
489,-1.0,0.0,1.0,1.0,çeiiiääbbz
490,-1.0,0.0,1.0,1.0,dçkçauuuuz
491,-1.0,0.0,1.0,1.0,ññkkkkkvöş
492,-1.0,0.0,1.0,1.0,bqqhhhhhhh
493,-1.0,0.0,1.0,1.0,uçççrroo  
494,-1.0,0.0,1.0,1.0,oecnnnoğnn
495,-1.0,0.0,1.0,1.0,qzbççhhhhv
496,-1.0,0.0,1.0,1.0,apyldhpkkp
497,-1.0,0.0,1.0,1.0,kbbboaaag 
498,-1.0,0.0,1.0,1.0,kkopñ0jddd
499,-1.0,0.0,1.0,1.0,shhäfffffk
500,-1.0,0.0,1.0,1.0,öşnnggiiii
501,-1.0,0.0,1.0,1.0,ffüüğhçççy
502,-1.0,0.0,1.0,1.0,çpçzggg0vl
503,-1.0,0.0,1.0,1.0,sg   q oif
504,-1.0,0.0,1.0,1.0,züjjngnnağ
505,-1.0,0.0,1.0,1.0,ğiggggugfp
506,-1.0,0.0,1.0,1.0,qkkkbgyijj
507,-1.0,0.0,1.0,1.0,çcvvbbçvçö
508,-1.0,0.0,1.0,1.0,kjjggı0bbl
509,-1.0,0.0,1.0,1.0,şñqñgggçşr
510,-1.0,0.0,1.0,1.0,onbnççqqqk
511,-1.0,0.0,1.0,1.0,gggääoooob
512,-1.0,0.0,1.0,1.0,jfännnüpaa
513,-1.0,0.0,1.0,1.0,üooojjjjai
514,-1.0,0.0,1.0,1.0,kkviiatm0i
515,-1.0,0.0,1.0,1.0,çbbbññkkşp
516,-1.0,0.0,1.0,1.0,kkkkkşnppf
517,-1.0,0.0,1.0,1.0,gggppjübbl
518,-1.0,0.0,1.0,1.0,bbiii ipkp
519,-1.0,0.0,1.0,1.0,ıaaaaaeknb
520,-1.0,0.0,1.0,1.0,ifübüüöözg
521,-1.0,0.0,1.0,1.0,ıççççbbbçç
522,-1.0,0.0,1.0,1.0,tbbaaalvss
523,-1.0,0.0,1.0,1.0,cjppjjihih
524,-1.0,0.0,1.0,1.0,phddoooççç
525,-1.0,0.0,1.0,1.0, 00qii0iaf
526,-1.0,0.0,1.0,1.0,rhşşdşövvv
527,-1.0,0.0,1.0,1.0,ppjfäfääää
528,-1.0,0.0,1.0,1.0,rrsnnnnlää
529,-1.0,0.0,1.0,1.0,äeeiiiiffk
530,-1.0,0.0,1.0,1.0,0000ñziioo
531,-1.0,0.0,1.0,1.0,ägäääääärç
532,-1.0,0.0,1.0,1.0,gqbjyhççtf
533,-1.0,0.0,1.0,1.0,ççödddddvk
534,-1.0,0.0,1.0,1.0,öşzñcdhhää
535,-1.0,0.0,1.0,1.0,ddojhbbbbb
536,-1.0,0.0,1.0,1.0,0lllllüvpp
537,-1.0,0.0,1.0,1.0,vvkjjj0000
538,-1.0,0.0,1.0,1.0,ççggqgfqöö
539,-1.0,0.0,1.0,1.0,şñkiiiiijj
540,-1.0,0.0,1.0,1.0,şffızzzdlo
541,-1.0,0.0,1.0,1.0,iüpfpraggg
542,-1.0,0.0,1.0,1.0,ghbddnnnkk
543,-1.0,0.0,1.0,1.0,ntshjhhllı
544,-1.0,0.0,1.0,1.0,nggrbabbbb
545,-1.0,0.0,1.0,1.0,fkbbbççeei
546,-1.0,0.0,1.0,1.0,znnnnnünäç
547,-1.0,0.0,1.0,1.0,üümj  üäät
548,-1.0,0.0,1.0,1.0,cccübçikpn
549,-1.0,0.0,1.0,1.0,bbüfflküll
550,-1.0,0.0,1.0,1.0,rgnoşddduu
551,-1.0,0.0,1.0,1.0,hjgggüü ış
552,-1.0,0.0,1.0,1.0,qnffggbaan
553,-1.0,0.0,1.0,1.0,ydlgngbbbn
554,-1.0,0.0,1.0,1.0,mvcctştvaa
555,-1.0,0.0,1.0,1.0,poirr  ppu
556,-1.0,0.0,1.0,1.0,rrrğoggegd
557,-1.0,0.0,1.0,1.0,bçaazgggrb
558,-1.0,0.0,1.0,1.0,hroşqq0kçç
559,-1.0,0.0,1.0,1.0,qbbggggg b
560,-1.0,0.0,1.0,1.0,rrcccddhhh
561,-1.0,0.0,1.0,1.0,çgbjj0yıuı
562,-1.0,0.0,1.0,1.0,egggggqi0i
563,-1.0,0.0,1.0,1.0,ggıffffüöp
564,-1.0,0.0,1.0,1.0,ggggggyjbq
565,-1.0,0.0,1.0,1.0,odhnösvñan
566,-1.0,0.0,1.0,1.0,phhhçggggg
567,-1.0,0.0,1.0,1.0,hhhpnaahhç
568,-1.0,0.0,1.0,1.0,iigffgçrrr
569,-1.0,0.0,1.0,1.0, rvçdpçühf
570,-1.0,0.0,1.0,1.0,ppeşvvöıaa
571,-1.0,0.0,1.0,1.0,qeiivvdüüv
572,-1.0,0.0,1.0,1.0,bü   a abb
573,-1.0,0.0,1.0,1.0,lllssjrüüi
574,-1.0,0.0,1.0,1.0,naannnnnnb
575,-1.0,0.0,1.0,1.0,kkebuövvvi
576,-1.0,0.0,1.0,1.0,nfddddngfn
577,-1.0,0.0,1.0,1.0,jhfösröfrr
578,-1.0,0.0,1.0,1.0,öförovpnan
579,-1.0,0.0,1.0,1.0,zçbnnnannn
580,-1.0,0.0,1.0,1.0,şşqnçdaññr
581,-1.0,0.0,1.0,1.0,nneerrrjoh
582,-1.0,0.0,1.0,1.0,oññvshivvo
583,-1.0,0.0,1.0,1.0,phññdddnkk
584,-1.0,0.0,1.0,1.0,vvvvvddt r
585,-1.0,0.0,1.0,1.0,nfhldddrcc
586,-1.0,0.0,1.0,1.0,hçggjjkkkp
587,-1.0,0.0,1.0,1.0,ookkktoeok
588,-1.0,0.0,1.0,1.0,gjgiiztpts
589,-1.0,0.0,1.0,1.0,çkkelçççrç
590,-1.0,0.0,1.0,1.0,mäpppppüpv
591,-1.0,0.0,1.0,1.0,ziçççkkksh
592,-1.0,0.0,1.0,1.0,ls0ıyyrraa
593,-1.0,0.0,1.0,1.0,r  g  pppr
594,-1.0,0.0,1.0,1.0,agllbbgbbb
595,-1.0,0.0,1.0,1.0,fşşkklıaag
596,-1.0,0.0,1.0,1.0,çmmmiiiiüü
597,-1.0,0.0,1.0,1.0,bññqbupipj
598,-1.0,0.0,1.0,1.0,öbtşzçç iv
599,-1.0,0.0,1.0,1.0,0kiiebnzzz
600,-1.0,0.0,1.0,1.0,eiitmvaaçç
601,-1.0,0.0,1.0,1.0,cggñññ00yy
602,-1.0,0.0,1.0,1.0,bagyzzeaağ
603,-1.0,0.0,1.0,1.0,naaaçäecll
604,-1.0,0.0,1.0,1.0,mkppeidbbb
605,-1.0,0.0,1.0,1.0,oqqooophtt
606,-1.0,0.0,1.0,1.0,aiiooooodd
607,-1.0,0.0,1.0,1.0,nniiigfdnn
608,-1.0,0.0,1.0,1.0,kdpyyñçççv
609,-1.0,0.0,1.0,1.0,n0fğğüü  p
610,-1.0,0.0,1.0,1.0,hmm000ybbh
611,-1.0,0.0,1.0,1.0,keıbbñylçl
612,-1.0,0.0,1.0,1.0,ñdbçççmmmc
613,-1.0,0.0,1.0,1.0,bnnnn ug00
614,-1.0,0.0,1.0,1.0,kççbbbbbsf
615,-1.0,0.0,1.0,1.0,b00bbbuuçp
616,-1.0,0.0,1.0,1.0,vrfvssgggg
617,-1.0,0.0,1.0,1.0,üääuu  jtv
618,-1.0,0.0,1.0,1.0,anhghhqqñq
619,-1.0,0.0,1.0,1.0,vvayçkvccs
620,-1.0,0.0,1.0,1.0,nnqqbbbbff
621,-1.0,0.0,1.0,1.0,çsvevvgafk
622,-1.0,0.0,1.0,1.0,bbebbbanaa
623,-1.0,0.0,1.0,1.0,gg gggggpp
624,-1.0,0.0,1.0,1.0,rooaaenn00
625,-1.0,0.0,1.0,1.0,aaagggeççç
626,0.0,0.5,1.0,1.0,hhhhçööşnñ
627,-1.0,0.0,1.0,1.0,üvöuiiijoo
628,-1.0,0.0,1.0,1.0,oäşğgpgşşä
629,-1.0,0.0,1.0,1.0,ñjchpizzzg
630,-1.0,0.0,1.0,1.0,çdkipipccc
631,-1.0,0.0,1.0,1.0,ggummrücmq
632,-1.0,0.0,1.0,1.0,üzmmmmmj  
633,-1.0,0.0,1.0,1.0,bagghpbgga
634,-1.0,0.0,1.0,1.0,gzzzgööhhh
635,-1.0,0.0,1.0,1.0,aghgpkkkkç
636,-1.0,0.0,1.0,1.0,beakknüñgz
637,-1.0,0.0,1.0,1.0,psrssvvöçd
638,-1.0,0.0,1.0,1.0,kvvzgbglsl
639,-1.0,0.0,1.0,1.0,äämgggaiia
640,-1.0,0.0,1.0,1.0,eğçgglhhhp
641,-1.0,0.0,1.0,1.0,vvvvvzññgg
642,-1.0,0.0,1.0,1.0,000azzrzzş
643,-1.0,0.0,1.0,1.0,0cchhhhökk
644,-1.0,0.0,1.0,1.0,iiiv aaççñ
645,-1.0,0.0,1.0,1.0,ykgk00bbbb
646,-1.0,0.0,1.0,1.0,dıäööödşşk
647,-1.0,0.0,1.0,1.0,öääähnnznn
648,-1.0,0.0,1.0,1.0,npgggiäiia
649,-1.0,0.0,1.0,1.0,gbnzzkkkka
650,-1.0,0.0,1.0,1.0,döoffffıı0
651,-1.0,0.0,1.0,1.0,tcccfvüvol
652,-1.0,0.0,1.0,1.0,jjmjmççççç
653,-1.0,0.0,1.0,1.0,ddllsööööh
654,-1.0,0.0,1.0,1.0, ppfffjüüü
655,-1.0,0.0,1.0,1.0,tvva  ggjq
656,-1.0,0.0,1.0,1.0,ggfottphjo
657,-1.0,0.0,1.0,1.0,obbdobbtta
658,-1.0,0.0,1.0,1.0,bballlççgi
659,-1.0,0.0,1.0,1.0,icccüüfbgh
660,-1.0,0.0,1.0,1.0,0öööllöööö
661,-1.0,0.0,1.0,1.0,ionnüüohññ
662,-1.0,0.0,1.0,1.0,kpsşg0ccc0
663,-1.0,0.0,1.0,1.0,iatpççgggg
664,-1.0,0.0,1.0,1.0,ooouñvvvvü
665,-1.0,0.0,1.0,1.0,yhattevvll
666,-1.0,0.0,1.0,1.0,ppññnbbççç
667,-1.0,0.0,1.0,1.0,şrrçocttqs
668,-1.0,0.0,1.0,1.0,nnkgavvgge
669,-1.0,0.0,1.0,1.0, vv0vvqybb
670,-1.0,0.0,1.0,1.0,ağçibiäoäf
671,-1.0,0.0,1.0,1.0,tnççhhmvçç
672,-1.0,0.0,1.0,1.0,ñññllç00çb
673,-1.0,0.0,1.0,1.0,k0tbçkkvsr
674,-1.0,0.0,1.0,1.0,kkkkvppgbb
675,-1.0,0.0,1.0,1.0,ksvaaazövç
676,-1.0,0.0,1.0,1.0,liönnvvläl
677,-1.0,0.0,1.0,1.0,ffrbbçnöv 
678,-1.0,0.0,1.0,1.0,bnnnnnnfgf
679,-1.0,0.0,1.0,1.0,0bb0laabbl
680,-1.0,0.0,1.0,1.0,0fffgahhhi
681,-1.0,0.0,1.0,1.0,sührrooggg
682,-1.0,0.0,1.0,1.0,qñjkkyaaıı
683,-1.0,0.0,1.0,1.0,0üiiigennn
684,-1.0,0.0,1.0,1.0,rnnnnnnnot
685,-1.0,0.0,1.0,1.0,añeooooorz
686,-1.0,0.0,1.0,1.0,iiiiiiñııa
687,-1.0,0.0,1.0,1.0,gnäiiiiyyy
688,-1.0,0.0,1.0,1.0,mbkkkkkñvl
689,-1.0,0.0,1.0,1.0,phh hppaeç
690,-1.0,0.0,1.0,1.0,çñtçddççaa
691,-1.0,0.0,1.0,1.0,aaggñkkkoo
692,-1.0,0.0,1.0,1.0,nhhhhhköhs
693,-1.0,0.0,1.0,1.0,pnsshhçğii
694,-1.0,0.0,1.0,1.0,ppppaggggş
695,-1.0,0.0,1.0,1.0,olloofaaag
696,-1.0,0.0,1.0,1.0,çiikg0şş0q
697,-1.0,0.0,1.0,1.0,kgñiimçgii
698,-1.0,0.0,1.0,1.0,ääbbb bbbu
699,-1.0,0.0,1.0,1.0,ednnngg0t0
700,-1.0,0.0,1.0,1.0,qqıggşeenn
701,-1.0,0.0,1.0,1.0,dddddfjjjj
702,-1.0,0.0,1.0,1.0,trrrrzgiib
703,-1.0,0.0,1.0,1.0,kjjvvüüüçs
704,-1.0,0.0,1.0,1.0,hdhggddöçç
705,-1.0,0.0,1.0,1.0,kyçççççggg
706,-1.0,0.0,1.0,1.0,vvvvğeecpp
707,-1.0,0.0,1.0,1.0,bbzz0ıvvvä
708,-1.0,0.0,1.0,1.0,gkk zvkkvv
709,-1.0,0.0,1.0,1.0,lllhhl  qq
710,0.0,0.5,1.0,1.0,jnpnpassmm
711,-1.0,0.0,1.0,1.0,ppakeeççvs
712,-1.0,0.0,1.0,1.0,rooşşşfrön
713,-1.0,0.0,1.0,1.0,gbaabagıbb
714,-1.0,0.0,1.0,1.0,qçorfffffz
715,-1.0,0.0,1.0,1.0,ojooqqññpp
716,-1.0,0.0,1.0,1.0,kkkgg  pjp
717,-1.0,0.0,1.0,1.0,armi00000t
718,-1.0,0.0,1.0,1.0,r ungaakñk
719,-1.0,0.0,1.0,1.0,ivvpöeooao
720,-1.0,0.0,1.0,1.0,gbbzbbbbbb
721,-1.0,0.0,1.0,1.0,zphşpaallm
722,-1.0,0.0,1.0,1.0,iiirzrbjja
723,-1.0,0.0,1.0,1.0,gioüäççççö
724,-1.0,0.0,1.0,1.0,ääşiiioiiz
725,-1.0,0.0,1.0,1.0,vfäşçççakk
726,-1.0,0.0,1.0,1.0,q nbnzz00 
727,-1.0,0.0,1.0,1.0,mmmstsssss
728,-1.0,0.0,1.0,1.0,ttjonnsuuç
729,-1.0,0.0,1.0,1.0,ayoorofffc
730,-1.0,0.0,1.0,1.0,nbbösççööö
731,-1.0,0.0,1.0,1.0,kabñçnnd00
732,-1.0,0.0,1.0,1.0,äläshhvddd
733,-1.0,0.0,1.0,1.0,pjjppadyzm
734,-1.0,0.0,1.0,1.0,çççkpjdööö
735,-1.0,0.0,1.0,1.0,öpdndöösgg
736,-1.0,0.0,1.0,1.0,o bbbdpffg
737,-1.0,0.0,1.0,1.0,btşroooşşk
738,-1.0,0.0,1.0,1.0,bkkkjkddşñ
739,-1.0,0.0,1.0,1.0,ğ oooiiiün
740,-1.0,0.0,1.0,1.0,nlpasssvvv
741,-1.0,0.0,1.0,1.0,hcoog pjnp
742,-1.0,0.0,1.0,1.0,pnllbbbnpn
743,-1.0,0.0,1.0,1.0,blsnnnnnön
744,-1.0,0.0,1.0,1.0,üüfllfhhçc
745,-1.0,0.0,1.0,1.0,köüüüöllll
746,-1.0,0.0,1.0,1.0,çg0csshahg
747,-1.0,0.0,1.0,1.0,ffffffffff
748,-1.0,0.0,1.0,1.0,ıssbeerhhh
749,-1.0,0.0,1.0,1.0,kkkñbbu00n
750,-1.0,0.0,1.0,1.0,frrröşşrvj
751,-1.0,0.0,1.0,1.0,gzmmmnpççç
752,-1.0,0.0,1.0,1.0,hhhshhhöhn
753,-1.0,0.0,1.0,1.0,hddecpsvvü
754,-1.0,0.0,1.0,1.0,egnnşşvvvv
755,-1.0,0.0,1.0,1.0,şfıjaiiaaa
756,-1.0,0.0,1.0,1.0,vvvvvkddñb
757,-1.0,0.0,1.0,1.0,   ieiiidn
758,-1.0,0.0,1.0,1.0,iirrmññqbb
759,-1.0,0.0,1.0,1.0,gşşfffdffo
760,-1.0,0.0,1.0,1.0,çkkkkkksll
761,-1.0,0.0,1.0,1.0,pppppppppn
762,-1.0,0.0,1.0,1.0,ü ççqqçgii
763,-1.0,0.0,1.0,1.0,00trriikbj
764,-1.0,0.0,1.0,1.0,llfguuşşph
765,-1.0,0.0,1.0,1.0,ugrgvvaa j
766,-1.0,0.0,1.0,1.0,ppnşşppkpp
767,-1.0,0.0,1.0,1.0,ñvvşngpggg
768,-1.0,0.0,1.0,1.0, ppäänjääj
769,-1.0,0.0,1.0,1.0,bbkooovvcv
770,-1.0,0.0,1.0,1.0,gzchhhhhpv
771,-1.0,0.0,1.0,1.0,ffmmmlläöö
772,-1.0,0.0,1.0,1.0,irvveüüvvç
773,-1.0,0.0,1.0,1.0,abbygffqgg
774,-1.0,0.0,1.0,1.0,nmççdddndf
775,-1.0,0.0,1.0,1.0,arccffüüüq
776,-1.0,0.0,1.0,1.0,pggggı0fyv
777,-1.0,0.0,1.0,1.0,bbuççkkçhs
778,-1.0,0.0,1.0,1.0,üfkkşooooh
779,-1.0,0.0,1.0,1.0,gvviimmm  
780,-1.0,0.0,1.0,1.0,kkşooooffb
781,-1.0,0.0,1.0,1.0,uueoonnnnn
782,-1.0,0.0,1.0,1.0,hhhhhhzüqv
783,-1.0,0.0,1.0,1.0,atzııöknnf
784,-1.0,0.0,1.0,1.0,rnööobbzñp
785,-1.0,0.0,1.0,1.0,nştaaaooob
786,-1.0,0.0,1.0,1.0,eizşffbbio
787,-1.0,0.0,1.0,1.0,fñğtööhöşp
788,-1.0,0.0,1.0,1.0,edddppşşqq
789,-1.0,0.0,1.0,1.0,çöpkkbbtjo
790,-1.0,0.0,1.0,1.0,kkbgzbbvpp
791,-1.0,0.0,1.0,1.0,vihhşşöött
792,-1.0,0.0,1.0,1.0,llggccduuu
793,-1.0,0.0,1.0,1.0,ott  zgbkş
794,-1.0,0.0,1.0,1.0,aioşiizroo
795,-1.0,0.0,1.0,1.0,  pqg  pıı
796,-1.0,0.0,1.0,1.0,şşrvppjjyy
797,-1.0,0.0,1.0,1.0,gghhvğiiid
798,-1.0,0.0,1.0,1.0,mvvüüükcci
799,-1.0,0.0,1.0,1.0,bbüjnjkkää
800,-1.0,0.0,1.0,1.0,kvvlği gäg
801,-1.0,0.0,1.0,1.0,jgüoooqqüf
802,-1.0,0.0,1.0,1.0,hzmpz phkç
803,-1.0,0.0,1.0,1.0,00cipccccc
804,-1.0,0.0,1.0,1.0,bosppaççkg
805,-1.0,0.0,1.0,1.0,iaurrmmşşc
806,-1.0,0.0,1.0,1.0,ı0j00iikkk
807,-1.0,0.0,1.0,1.0,z rrnncbnh
808,-1.0,0.0,1.0,1.0,kvvvçççççl
809,-1.0,0.0,1.0,1.0,j0kññbbübb
810,-1.0,0.0,1.0,1.0,ñvvffaabba
811,-1.0,0.0,1.0,1.0,aa00ssspöş
812,-1.0,0.0,1.0,1.0,ñddñvççgpv
813,-1.0,0.0,1.0,1.0,okkjljjjjü
814,-1.0,0.0,1.0,1.0,dvlrreeeej
815,-1.0,0.0,1.0,1.0,mçcgççggg 
816,-1.0,0.0,1.0,1.0,teoou000ıo
817,-1.0,0.0,1.0,1.0,ggıçbrrrff
818,-1.0,0.0,1.0,1.0,haaarrrççk
819,-1.0,0.0,1.0,1.0,upzzı0zzşh
820,-1.0,0.0,1.0,1.0,çççlçcbddd
821,-1.0,0.0,1.0,1.0,jgdff000nz
822,-1.0,0.0,1.0,1.0,gyçeeeñçça
823,-1.0,0.0,1.0,1.0,ommaqddobç
824,-1.0,0.0,1.0,1.0,fnggggaaaa
825,-1.0,0.0,1.0,1.0,ü0dfjjgggg
826,-1.0,0.0,1.0,1.0,rgzzg0fkdd
827,-1.0,0.0,1.0,1.0,bnigııdonn
828,0.0,0.5,1.0,1.0,çççvççjpää
829,0.0,0.5,1.0,1.0,drrrğğqqçç
830,-1.0,0.0,1.0,1.0,pmmmmm rbz
831,-1.0,0.0,1.0,1.0,tiiiiiiiio
832,-1.0,0.0,1.0,1.0,uägğääjjhj
833,-1.0,0.0,1.0,1.0,oddddbbnnb
834,-1.0,0.0,1.0,1.0,ööşvrrrrzr
835,-1.0,0.0,1.0,1.0,vsssvjjjhh
836,-1.0,0.0,1.0,1.0,äcmööroooo
837,-1.0,0.0,1.0,1.0,hhpppjviüo
838,-1.0,0.0,1.0,1.0,bzrrzooook
839,-1.0,0.0,1.0,1.0,fñgpkdddlç
840,-1.0,0.0,1.0,1.0,kñtaañcfnn
841,-1.0,0.0,1.0,1.0,ärçi  ejhi
842,-1.0,0.0,1.0,1.0,00ikkşşmñm
843,-1.0,0.0,1.0,1.0,kvbbvsbckk
844,-1.0,0.0,1.0,1.0,mmmmttpppa
845,-1.0,0.0,1.0,1.0,bjzczcscçd
846,-1.0,0.0,1.0,1.0,fubbbbññgi
847,-1.0,0.0,1.0,1.0,kñññlnllçc
848,-1.0,0.0,1.0,1.0,uunııaaapb
849,-1.0,0.0,1.0,1.0,zz0gzzzqçç
850,-1.0,0.0,1.0,1.0,ddoo0ssss0
851,-1.0,0.0,1.0,1.0,ff00ççççpç
852,-1.0,0.0,1.0,1.0,pssnşngkkh
853,-1.0,0.0,1.0,1.0,utrhbbbbçç
854,-1.0,0.0,1.0,1.0,vvhppüüühj
855,-1.0,0.0,1.0,1.0,kbnkotphfm
856,-1.0,0.0,1.0,1.0,bçdıııftgg
857,-1.0,0.0,1.0,1.0,abbypaaaaj
858,-1.0,0.0,1.0,1.0,miävvvvkkk
859,-1.0,0.0,1.0,1.0,nfnnnggghh
860,-1.0,0.0,1.0,1.0,kkdtkkkvvv
861,-1.0,0.0,1.0,1.0,pp ioüjjff
862,-1.0,0.0,1.0,1.0,ñşgvaaaaay
863,-1.0,0.0,1.0,1.0,babnğğnnnä
864,-1.0,0.0,1.0,1.0,ooouuuugrä
865,-1.0,0.0,1.0,1.0,nnoooiiibi
866,-1.0,0.0,1.0,1.0,lgggüübñññ
867,-1.0,0.0,1.0,1.0,ko00rccñöö
868,-1.0,0.0,1.0,1.0,ççsipvmssg
869,-1.0,0.0,1.0,1.0,bjpppa iij
870,-1.0,0.0,1.0,1.0,rvvrkdgggb
871,-1.0,0.0,1.0,1.0,çjgijpfmmm
872,-1.0,0.0,1.0,1.0,pphnnnkkjj
873,-1.0,0.0,1.0,1.0,çoongñuegg
874,-1.0,0.0,1.0,1.0,übblllakdk
875,-1.0,0.0,1.0,1.0,srhüücoooo
876,-1.0,0.0,1.0,1.0,ggggiiübqç
877,-1.0,0.0,1.0,1.0,aziimmüüqç
878,-1.0,0.0,1.0,1.0,innnnnnbbb
879,-1.0,0.0,1.0,1.0,uvüüvhöönn
880,-1.0,0.0,1.0,1.0,ravvvşfıon
881,-1.0,0.0,1.0,1.0,njjpajjjbb
882,-1.0,0.0,1.0,1.0,cçooçççänn
883,-1.0,0.0,1.0,1.0,najää0gggg
884,-1.0,0.0,1.0,1.0,ufoğvvvvji
885,-1.0,0.0,1.0,1.0,dhpprmmmee
886,-1.0,0.0,1.0,1.0,eñpppdädic
887,-1.0,0.0,1.0,1.0,üüovvvçbbq
888,-1.0,0.0,1.0,1.0,jhnheevvvv
889,-1.0,0.0,1.0,1.0,iiigggykkd
890,-1.0,0.0,1.0,1.0,ttttçzdübz
891,-1.0,0.0,1.0,1.0,bkg kuuggi
892,-1.0,0.0,1.0,1.0,vveçzşzzçi
893,-1.0,0.0,1.0,1.0,aoi  jjqqa
894,-1.0,0.0,1.0,1.0,e   zbkk b
895,-1.0,0.0,1.0,1.0, virrrreaa
896,-1.0,0.0,1.0,1.0,aaeuudiörr
897,-1.0,0.0,1.0,1.0,jıııkkkkjñ
898,-1.0,0.0,1.0,1.0,mzaggppjja
899,-1.0,0.0,1.0,1.0,hölshjcş 0
900,-1.0,0.0,1.0,1.0,drss00çnçç
901,-1.0,0.0,1.0,1.0,hllnnff00ı
902,-1.0,0.0,1.0,1.0,blbppeaäpp
903,0.0,0.5,1.0,1.0,ppdöööbttt
904,-1.0,0.0,1.0,1.0,ınppppääap
905,-1.0,0.0,1.0,1.0,nbfffpvlşş
906,-1.0,0.0,1.0,1.0,bbqççssodd
907,-1.0,0.0,1.0,1.0,oodgggbbno
908,-1.0,0.0,1.0,1.0,fhh0icüüüv
909,-1.0,0.0,1.0,1.0,hhhhhrhhcc
910,-1.0,0.0,1.0,1.0,oniveaüügl
911,-1.0,0.0,1.0,1.0,dhhöşvivit
912,-1.0,0.0,1.0,1.0,odojpnnjqb
913,-1.0,0.0,1.0,1.0,vñivkşşşşn
914,-1.0,0.0,1.0,1.0,aıgbbbfnnn
915,-1.0,0.0,1.0,1.0,0ñññpptvşi
916,-1.0,0.0,1.0,1.0,hvaalhhhhg
917,-1.0,0.0,1.0,1.0,äqı0kkdiii
918,-1.0,0.0,1.0,1.0,bblzkrmmıç
919,-1.0,0.0,1.0,1.0,äçggkkgjjk
920,-1.0,0.0,1.0,1.0,kteñrñgçtk
921,-1.0,0.0,1.0,1.0,o0 aaañ0oo
922,-1.0,0.0,1.0,1.0,tttttttddd
923,-1.0,0.0,1.0,1.0,iijgggggay
924,-1.0,0.0,1.0,1.0,nnff iiiir
925,-1.0,0.0,1.0,1.0,gçrrröhünb
926,-1.0,0.0,1.0,1.0,ppıöömmrrr
927,-1.0,0.0,1.0,1.0,u igfşşçzz
928,-1.0,0.0,1.0,1.0,0ödfdññh ç
929,-1.0,0.0,1.0,1.0,ffggggggbb
930,-1.0,0.0,1.0,1.0,izpvpp  ja
931,-1.0,0.0,1.0,1.0,vññeprhhrr
932,-1.0,0.0,1.0,1.0,mçggii00qq
933,-1.0,0.0,1.0,1.0,zmvzzgggrr
934,-1.0,0.0,1.0,1.0,üüoootpvlz
935,-1.0,0.0,1.0,1.0,scjhhhsmmç
936,-1.0,0.0,1.0,1.0,kfñsssgggg
937,-1.0,0.0,1.0,1.0,ggrrgggggk
938,-1.0,0.0,1.0,1.0,kqqqçqçpqp
939,-1.0,0.0,1.0,1.0,şjaçäaşşmn
940,-1.0,0.0,1.0,1.0, aaaaabbkk
941,-1.0,0.0,1.0,1.0,üzlevvvbbü
942,-1.0,0.0,1.0,1.0,ıımösöööşv
943,-1.0,0.0,1.0,1.0,tiireiijap
944,-1.0,0.0,1.0,1.0,çtro  ggga
945,-1.0,0.0,1.0,1.0,şş00fsqkşp
946,-1.0,0.0,1.0,1.0,slbbllpççi
947,-1.0,0.0,1.0,1.0,crtttttsss
948,-1.0,0.0,1.0,1.0,dngggffggb
949,-1.0,0.0,1.0,1.0,jf fjgjffy
950,-1.0,0.0,1.0,1.0,cñññkiikjd
951,-1.0,0.0,1.0,1.0,oqbbbbbbkn
952,-1.0,0.0,1.0,1.0,robbçrr  z
953,-1.0,0.0,1.0,1.0,nerqhhçç h
954,-1.0,0.0,1.0,1.0,ssvkjüfıfd
955,-1.0,0.0,1.0,1.0,iijuuggggg
956,-1.0,0.0,1.0,1.0,fffmöttövk
957,-1.0,0.0,1.0,1.0,mivq0vüübñ
958,-1.0,0.0,1.0,1.0,ñgdfff ppm
959,-1.0,0.0,1.0,1.0,vvvçççooon
960,-1.0,0.0,1.0,1.0,iptppvvvvç
961,-1.0,0.0,1.0,1.0,ggppnppppk
962,-1.0,0.0,1.0,1.0,kkkueurrro
963,-1.0,0.0,1.0,1.0,fvvngjjaaa
964,-1.0,0.0,1.0,1.0,gngnooühcü
965,-1.0,0.0,1.0,1.0,dkkkvvvvvb
966,-1.0,0.0,1.0,1.0,mçççp0innn
967,-1.0,0.0,1.0,1.0,bbçtgşşşgg
968,-1.0,0.0,1.0,1.0,üuınnöşdös
969,-1.0,0.0,1.0,1.0, qj0vvıggf
970,-1.0,0.0,1.0,1.0,bgiiivvvmm
971,-1.0,0.0,1.0,1.0,nnffffbggş
972,-1.0,0.0,1.0,1.0,ojjjddhggb
973,-1.0,0.0,1.0,1.0,iiçäääääçç
974,-1.0,0.0,1.0,1.0,ääfffşdddd
975,-1.0,0.0,1.0,1.0,uqnnçbllle
976,-1.0,0.0,1.0,1.0,llabbbbkçk
977,-1.0,0.0,1.0,1.0,ddöülhkkdd
978,-1.0,0.0,1.0,1.0,iufafffpaa
979,-1.0,0.0,1.0,1.0,aiikoünnfk
980,-1.0,0.0,1.0,1.0,eddddşösss
981,-1.0,0.0,1.0,1.0,kakannşşee
982,-1.0,0.0,1.0,1.0,qhjçu ggfg
983,-1.0,0.0,1.0,1.0,jggkaagyçl
984,-1.0,0.0,1.0,1.0,pgbqntötio
985,-1.0,0.0,1.0,1.0,qqpğğğbbdn
986,-1.0,0.0,1.0,1.0,hükkkdddzt
987,-1.0,0.0,1.0,1.0,zvvnnppphc
988,-1.0,0.0,1.0,1.0,zzhpmttnnp
989,-1.0,0.0,1.0,1.0,bbinpnnnaa
990,-1.0,0.0,1.0,1.0,eivffşşonğ
991,-1.0,0.0,1.0,1.0,öbrrççrlvv
992,-1.0,0.0,1.0,1.0,kkktängnnb
993,0.0,0.5,1.0,1.0,çiuuggghhf
994,-1.0,0.0,1.0,1.0,eööbbbdbbi
995,-1.0,0.0,1.0,1.0,0hvçrbnbçç
996,-1.0,0.0,1.0,1.0,yyybbbzrlv
997,-1.0,0.0,1.0,1.0,zçua  çççç
998,-1.0,0.0,1.0,1.0,zşffdceenn
999,-1.0,0.0,1.0,1.0,iñññggghgz
1000,-1.0,0.0,1.0,1.0,büüphfföbg
1001,-1.0,0.0,1.0,1.0,bssmboodff
1002,-1.0,0.0,1.0,1.0,şppppppegg
1003,-1.0,0.0,1.0,1.0,sddüvrroşg
1004,-1.0,0.0,1.0,1.0,nzahhykgof
1005,-1.0,0.0,1.0,1.0,iiffhhhzzı
1006,-1.0,0.0,1.0,1.0,ciiifüüe00
1007,-1.0,0.0,1.0,1.0,  g0çnhhhh
1008,-1.0,0.0,1.0,1.0,iñññññjufr
1009,-1.0,0.0,1.0,1.0,ivvääbdqdl
1010,-1.0,0.0,1.0,1.0,ppfkbbd0uf
1011,-1.0,0.0,1.0,1.0,çggiirrrçb
1012,-1.0,0.0,1.0,1.0,giiiäffffd
1013,-1.0,0.0,1.0,1.0,kkkdkjoqo 
1014,-1.0,0.0,1.0,1.0,bbbggggäää
1015,-1.0,0.0,1.0,1.0,çdççhüühht
1016,-1.0,0.0,1.0,1.0,pppcvrrmmm
1017,-1.0,0.0,1.0,1.0,jjbbbjeegj
1018,-1.0,0.0,1.0,1.0,ctmmç lnön
1019,-1.0,0.0,1.0,1.0,hççvjjuççk
1020,-1.0,0.0,1.0,1.0,kkiqqzbbbg
1021,-1.0,0.0,1.0,1.0,qff000cmcc
1022,-1.0,0.0,1.0,1.0,gg ffffagh
1023,-1.0,0.0,1.0,1.0,dddddfffdd
1024,-1.0,0.0,1.0,1.0,şkbzvvvüää
1025,-1.0,0.0,1.0,1.0,dbbnn0g0bb
1026,-1.0,0.0,1.0,1.0,qiooootçzz
1027,-1.0,0.0,1.0,1.0,mlneffff00
1028,-1.0,0.0,1.0,1.0,şafffiibbü
1029,-1.0,0.0,1.0,1.0,0paggeggzz
1030,-1.0,0.0,1.0,1.0,mmöioi uki
1031,-1.0,0.0,1.0,1.0,aaakkkvmvı
1032,-1.0,0.0,1.0,1.0,0rraa j np
1033,-1.0,0.0,1.0,1.0,üv0    jkp
1034,-1.0,0.0,1.0,1.0,qbbbbznnşz
1035,-1.0,0.0,1.0,1.0,abbbççiçkt
1036,-1.0,0.0,1.0,1.0,ñ0ggfffpq 
1037,-1.0,0.0,1.0,1.0,kñññvvkmjj
1038,-1.0,0.0,1.0,1.0,oooohhhhrr
1039,-1.0,0.0,1.0,1.0,mnnömmöööf
1040,-1.0,0.0,1.0,1.0,ççööddhdhp
1041,-1.0,0.0,1.0,1.0,ii0 bgclmm
1042,-1.0,0.0,1.0,1.0,npffgfobba
1043,-1.0,0.0,1.0,1.0,hhçzzsççll
1044,-1.0,0.0,1.0,1.0,bbbbolçeqı
1045,-1.0,0.0,1.0,1.0,dddnnpp jj
1046,-1.0,0.0,1.0,1.0,dhhççrçeçv
1047,-1.0,0.0,1.0,1.0,bbkvagççvv
1048,0.0,0.5,1.0,1.0,qtsiioojoh
1049,-1.0,0.0,1.0,1.0,pzşşgnrññn
1050,-1.0,0.0,1.0,1.0,bbabbbñpvä
1051,-1.0,0.0,1.0,1.0,naapppgfgf
1052,-1.0,0.0,1.0,1.0,gbbvcivlzd
1053,-1.0,0.0,1.0,1.0,ukknbbbbqğ
1054,-1.0,0.0,1.0,1.0,bbbebbbñoo
1055,-1.0,0.0,1.0,1.0,oobbbbğjjo
1056,-1.0,0.0,1.0,1.0,tfkdddddöf
1057,-1.0,0.0,1.0,1.0,vvrhqqbzaa
1058,-1.0,0.0,1.0,1.0,odşñioooso
1059,-1.0,0.0,1.0,1.0,chhpllälls
1060,-1.0,0.0,1.0,1.0,effffhmövv
1061,-1.0,0.0,1.0,1.0, kkkşzggga
1062,-1.0,0.0,1.0,1.0,ooohhfzaaa
1063,-1.0,0.0,1.0,1.0,nvvkvkvbbb
1064,-1.0,0.0,1.0,1.0,pppoo0üüüj
1065,-1.0,0.0,1.0,1.0,jijjhjçsss
1066,-1.0,0.0,1.0,1.0,tttçççlrrr
1067,-1.0,0.0,1.0,1.0,fnninnbaaa
1068,-1.0,0.0,1.0,1.0,rriooooona
1069,-1.0,0.0,1.0,1.0,föömmmççse
1070,-1.0,0.0,1.0,1.0,gobhhfiike
1071,-1.0,0.0,1.0,1.0,0änjbbaapp
1072,-1.0,0.0,1.0,1.0,koüofr  00
1073,-1.0,0.0,1.0,1.0,iiicöüüböv
1074,-1.0,0.0,1.0,1.0,ommühhpppp
1075,-1.0,0.0,1.0,1.0,fpzggjjfjj
1076,-1.0,0.0,1.0,1.0,ççsbööbbbç
1077,-1.0,0.0,1.0,1.0,jnnnnnfhhh
1078,-1.0,0.0,1.0,1.0,iikvçb0thö
1079,-1.0,0.0,1.0,1.0,enüüöömkki
1080,-1.0,0.0,1.0,1.0,agağffffff
1081,-1.0,0.0,1.0,1.0,iiipmzññuı
1082,-1.0,0.0,1.0,1.0,şfffkkaqqq
1083,-1.0,0.0,1.0,1.0,uşbbççdözz
1084,-1.0,0.0,1.0,1.0,ggoçnmllvs
1085,-1.0,0.0,1.0,1.0,gşvööficcc
1086,-1.0,0.0,1.0,1.0,vkiiijjjjj
1087,-1.0,0.0,1.0,1.0,qıammmnüep
1088,-1.0,0.0,1.0,1.0,00kkkkkkdd
1089,-1.0,0.0,1.0,1.0,hkkkkk0kkk
1090,-1.0,0.0,1.0,1.0, ğtüödök0ı
1091,-1.0,0.0,1.0,1.0,ppppnnnndj
1092,-1.0,0.0,1.0,1.0, llqqççiii
1093,-1.0,0.0,1.0,1.0,pzggygzñhj
1094,-1.0,0.0,1.0,1.0,aphhpuagnn
1095,-1.0,0.0,1.0,1.0,pakvssçgrr
1096,-1.0,0.0,1.0,1.0,ddaahrciii
1097,-1.0,0.0,1.0,1.0,şzzzmrebñp
1098,-1.0,0.0,1.0,1.0,obnnshködä
1099,-1.0,0.0,1.0,1.0,fdffggiigh
1100,-1.0,0.0,1.0,1.0,pşşşşnnbbn
1101,-1.0,0.0,1.0,1.0,kiiijjjääp
1102,-1.0,0.0,1.0,1.0,ggii fapjj
1103,-1.0,0.0,1.0,1.0,vpujjjhhhö
1104,-1.0,0.0,1.0,1.0,iijjaaa0vv
1105,-1.0,0.0,1.0,1.0,gggggbkjbi
1106,-1.0,0.0,1.0,1.0,nnnıgggivi
1107,-1.0,0.0,1.0,1.0,shhddkvvvv
1108,-1.0,0.0,1.0,1.0,ecggrllööö
1109,-1.0,0.0,1.0,1.0,iöighpdpnn
1110,-1.0,0.0,1.0,1.0,mbñççjbhri
1111,-1.0,0.0,1.0,1.0,ñbtbbägiii
1112,-1.0,0.0,1.0,1.0,zpñççttttq
1113,-1.0,0.0,1.0,1.0,bnnskkkffj
1114,-1.0,0.0,1.0,1.0,iqüıröözgş
1115,-1.0,0.0,1.0,1.0,nllkvvcvpv
1116,-1.0,0.0,1.0,1.0,gnnbäoojnn
1117,-1.0,0.0,1.0,1.0, bpkkkmhoü
1118,-1.0,0.0,1.0,1.0,eğoşjj obç
1119,-1.0,0.0,1.0,1.0,sssskçiiii
1120,-1.0,0.0,1.0,1.0,sggbbb0000
1121,-1.0,0.0,1.0,1.0,eboobbbbbö
1122,-1.0,0.0,1.0,1.0,çtlönfşüüü
1123,-1.0,0.0,1.0,1.0,tğsssskiiı
1124,-1.0,0.0,1.0,1.0, zzzzzfrfi
1125,-1.0,0.0,1.0,1.0,gpppppfooş
1126,-1.0,0.0,1.0,1.0,çeeeeeççkk
1127,-1.0,0.0,1.0,1.0,gidjjffkhh
1128,-1.0,0.0,1.0,1.0,bbbbtqqqkk
1129,-1.0,0.0,1.0,1.0,ttijäähsçm
1130,-1.0,0.0,1.0,1.0,şşohjjjcjj
1131,-1.0,0.0,1.0,1.0,bgkydndddd
1132,-1.0,0.0,1.0,1.0,ookştjjjoj
1133,-1.0,0.0,1.0,1.0,vviiivvvñv
1134,-1.0,0.0,1.0,1.0,dçpnnsnşşf
1135,-1.0,0.0,1.0,1.0,eşuffff ii
1136,-1.0,0.0,1.0,1.0,hhpşvşjj p
1137,-1.0,0.0,1.0,1.0,kkpşhvğr g
1138,-1.0,0.0,1.0,1.0,üllçççvttü
1139,-1.0,0.0,1.0,1.0,vvöööbbbbb
1140,-1.0,0.0,1.0,1.0,ıaaggiiic0
1141,-1.0,0.0,1.0,1.0,pññünk ve 
1142,-1.0,0.0,1.0,1.0,iiaaab büü
1143,-1.0,0.0,1.0,1.0,akämrrrrri
1144,-1.0,0.0,1.0,1.0,fnftmmvööi
1145,-1.0,0.0,1.0,1.0,çççkvvvvaa
1146,-1.0,0.0,1.0,1.0,biiiiiodlf
1147,-1.0,0.0,1.0,1.0,nfgfhggfrf
1148,-1.0,0.0,1.0,1.0,dddvczgişı
1149,-1.0,0.0,1.0,1.0,fkqq0foooü
1150,-1.0,0.0,1.0,1.0,00000  mmv
1151,-1.0,0.0,1.0,1.0,rddçöööömo
1152,-1.0,0.0,1.0,1.0,kjkkgggkkk
1153,-1.0,0.0,1.0,1.0,0ööqññsööö
1154,-1.0,0.0,1.0,1.0,pekkkkqqqq
1155,-1.0,0.0,1.0,1.0,ffggpyyqqq
1156,-1.0,0.0,1.0,1.0,hkggkkgııı
1157,-1.0,0.0,1.0,1.0,aarppplöld
1158,-1.0,0.0,1.0,1.0,güüüciiiiä
1159,-1.0,0.0,1.0,1.0,lvvpnğrzmm
1160,-1.0,0.0,1.0,1.0,oooorsbüäi
1161,-1.0,0.0,1.0,1.0,nkbvççççsh
1162,-1.0,0.0,1.0,1.0,llszvccnii
1163,-1.0,0.0,1.0,1.0,hhçıı000kv
1164,-1.0,0.0,1.0,1.0,ännjjnnnnh
1165,-1.0,0.0,1.0,1.0,ççsddds000
1166,-1.0,0.0,1.0,1.0,möccrcggll
1167,-1.0,0.0,1.0,1.0,ıhonşzmvvğ
1168,-1.0,0.0,1.0,1.0,qçczzzvzzi
1169,-1.0,0.0,1.0,1.0,sssöiüüüüö
1170,-1.0,0.0,1.0,1.0,svmşşzlllm
1171,-1.0,0.0,1.0,1.0,i kkqpqegk
1172,-1.0,0.0,1.0,1.0,ütgggzbbjr
1173,-1.0,0.0,1.0,1.0,bböövüudtj
1174,-1.0,0.0,1.0,1.0,uuiiiebbeç
1175,-1.0,0.0,1.0,1.0,hhşqqqqqçç
1176,-1.0,0.0,1.0,1.0,aerççççççç
1177,-1.0,0.0,1.0,1.0,nelaaaannt
1178,-1.0,0.0,1.0,1.0,z0zpnpahhh
1179,-1.0,0.0,1.0,1.0,vvvffuffqg
1180,-1.0,0.0,1.0,1.0,şaaaaaav  
1181,-1.0,0.0,1.0,1.0,jaaavhhhms
1182,-1.0,0.0,1.0,1.0,bbllzñavvv
1183,-1.0,0.0,1.0,1.0,gggllböüöi
1184,-1.0,0.0,1.0,1.0,nnngğğyggı
1185,-1.0,0.0,1.0,1.0,aşhhrraahh
1186,-1.0,0.0,1.0,1.0,nieqlllagg
1187,-1.0,0.0,1.0,1.0,zzznzöhzzd
1188,-1.0,0.0,1.0,1.0,ççf0bllvvv
1189,-1.0,0.0,1.0,1.0,zgñllçççkt
1190,-1.0,0.0,1.0,1.0,fööfffffff
1191,-1.0,0.0,1.0,1.0,kkkk0ooskn
1192,-1.0,0.0,1.0,1.0,hot ñññççç
1193,-1.0,0.0,1.0,1.0,eipppppafj
1194,-1.0,0.0,1.0,1.0,qbbbb  pp 
1195,-1.0,0.0,1.0,1.0,bjkko   gş
1196,-1.0,0.0,1.0,1.0,ihgjjpççqq
1197,-1.0,0.0,1.0,1.0,jqgihçççeö
1198,-1.0,0.0,1.0,1.0,rrrbdguuun
1199,-1.0,0.0,1.0,1.0,qjçhçmvvvg
1200,-1.0,0.0,1.0,1.0,bbbşnnnngg
1201,-1.0,0.0,1.0,1.0,räbcciihhh
1202,-1.0,0.0,1.0,1.0,nşşzññeñpp
1203,-1.0,0.0,1.0,1.0,rqılllllll
1204,-1.0,0.0,1.0,1.0,bzccittsss
1205,-1.0,0.0,1.0,1.0,bbbbzhhpkç
1206,-1.0,0.0,1.0,1.0,ıiiivvoooo
1207,-1.0,0.0,1.0,1.0,kkñkfööööö
1208,-1.0,0.0,1.0,1.0,qaqqhtiien
1209,-1.0,0.0,1.0,1.0,bzşnnüüüqö
1210,-1.0,0.0,1.0,1.0,fegppffff0
1211,-1.0,0.0,1.0,1.0,qkççqqqbbi
1212,-1.0,0.0,1.0,1.0,şödcc00 0i
1213,-1.0,0.0,1.0,1.0,qqçqqçqñşş
1214,-1.0,0.0,1.0,1.0,iifffnnşhh
1215,-1.0,0.0,1.0,1.0,gkkkşşkkşf
1216,-1.0,0.0,1.0,1.0,hissbössök
1217,-1.0,0.0,1.0,1.0,ienvvvvvvm
1218,-1.0,0.0,1.0,1.0,üfiiiooooy
1219,-1.0,0.0,1.0,1.0,ffpfbbvvlç
1220,-1.0,0.0,1.0,1.0,fffggnüüüb
1221,-1.0,0.0,1.0,1.0,dçkşsşşooe
1222,-1.0,0.0,1.0,1.0,deuiiiipäh
1223,-1.0,0.0,1.0,1.0,jlldddhäfa
1224,-1.0,0.0,1.0,1.0,0öeııfgggf
1225,-1.0,0.0,1.0,1.0,pgçççdöınn
1226,-1.0,0.0,1.0,1.0,kkkkpkbbbç
1227,-1.0,0.0,1.0,1.0,hhhççvaaap
1228,-1.0,0.0,1.0,1.0,ıcgccşşkkk
1229,-1.0,0.0,1.0,1.0,ddddlfdhrr
1230,-1.0,0.0,1.0,1.0,gzıızztttv
1231,0.0,0.5,1.0,1.0,bugppphhsj
1232,-1.0,0.0,1.0,1.0,ojhhçççggg
1233,-1.0,0.0,1.0,1.0,fmpppfiiio
1234,-1.0,0.0,1.0,1.0,g gggjhqqp
1235,-1.0,0.0,1.0,1.0,o0000bbobb
1236,-1.0,0.0,1.0,1.0,in    ggıg
1237,-1.0,0.0,1.0,1.0,ü 0üushmss
1238,-1.0,0.0,1.0,1.0,nşşvvvmmöç
1239,-1.0,0.0,1.0,1.0,m0oo0oobo 
1240,-1.0,0.0,1.0,1.0,lğäüqfffgg
1241,-1.0,0.0,1.0,1.0,kkäşşççççd
1242,-1.0,0.0,1.0,1.0,vccfrrşşbb
1243,-1.0,0.0,1.0,1.0,bhbbbaaagg
1244,-1.0,0.0,1.0,1.0,bqiiähhhgg
1245,-1.0,0.0,1.0,1.0,0ñ0hqqbücb
1246,-1.0,0.0,1.0,1.0,ğ00v0ııbbb
1247,-1.0,0.0,1.0,1.0,kgubnvvvää
1248,-1.0,0.0,1.0,1.0,rşoonhhhhh
1249,-1.0,0.0,1.0,1.0,0şk0şk00kk
1250,-1.0,0.0,1.0,1.0,rrddgggppm
1251,-1.0,0.0,1.0,1.0, rbbbbbhhc
1252,-1.0,0.0,1.0,1.0,fzzzññz0şö
1253,-1.0,0.0,1.0,1.0,çqqññknjff
1254,-1.0,0.0,1.0,1.0,ühmphlççç0
1255,-1.0,0.0,1.0,1.0,ogjhhqqñdb
1256,-1.0,0.0,1.0,1.0,çqccvvrrbb
1257,-1.0,0.0,1.0,1.0,nnökıkkjii
1258,-1.0,0.0,1.0,1.0,fiiiçoiuob
1259,-1.0,0.0,1.0,1.0,rüüuüüüjhä
1260,-1.0,0.0,1.0,1.0,ldsoofffäı
1261,-1.0,0.0,1.0,1.0,frnptühhhm
1262,-1.0,0.0,1.0,1.0,dnnnn0nnüü
1263,-1.0,0.0,1.0,1.0,iuñfkgkkyk
1264,-1.0,0.0,1.0,1.0,igggii0ivq
1265,-1.0,0.0,1.0,1.0,bddbknn00o
1266,-1.0,0.0,1.0,1.0,zbnppnpjeb
1267,-1.0,0.0,1.0,1.0,iilntdpfpa
1268,-1.0,0.0,1.0,1.0, mm0cllbnş
1269,-1.0,0.0,1.0,1.0,llhhaaapgp
1270,-1.0,0.0,1.0,1.0,fnndddnaaa
1271,-1.0,0.0,1.0,1.0,kküöhäääşg
1272,-1.0,0.0,1.0,1.0,nkghcb0lab
1273,-1.0,0.0,1.0,1.0,qçqqqabbüz
1274,-1.0,0.0,1.0,1.0,kfhrzfzddc
1275,-1.0,0.0,1.0,1.0,gieehçççhq
1276,-1.0,0.0,1.0,1.0,ggeekiñpmg
1277,-1.0,0.0,1.0,1.0,çlrçznnnns
1278,-1.0,0.0,1.0,1.0,üüjhhzhktb
1279,-1.0,0.0,1.0,1.0,mfsüjbbbii
1280,-1.0,0.0,1.0,1.0,pphhhççmmn
1281,-1.0,0.0,1.0,1.0,lbglggçgbb
1282,-1.0,0.0,1.0,1.0,0ffffpgggg
1283,-1.0,0.0,1.0,1.0,ivvepppgbj
1284,-1.0,0.0,1.0,1.0,bbhsiñkkdg
1285,-1.0,0.0,1.0,1.0,bnbdoorau0
1286,-1.0,0.0,1.0,1.0,lüübbbbbnp
1287,-1.0,0.0,1.0,1.0,küüüedddfş
1288,-1.0,0.0,1.0,1.0,söötiiäötä
1289,-1.0,0.0,1.0,1.0,hñvvvödpfz
1290,-1.0,0.0,1.0,1.0,n00ıeeennn
1291,-1.0,0.0,1.0,1.0,ñaaddvvc v
1292,-1.0,0.0,1.0,1.0,çskççnnnhh
1293,-1.0,0.0,1.0,1.0,gbbbbiptla
1294,-1.0,0.0,1.0,1.0,jjjjhııhhf
1295,-1.0,0.0,1.0,1.0,bqcühh00vk
1296,-1.0,0.0,1.0,1.0,dgzmpmmmnü
1297,-1.0,0.0,1.0,1.0,şıvshhihhp
1298,-1.0,0.0,1.0,1.0,ydnnnäennö
1299,-1.0,0.0,1.0,1.0,ggggqggggg
1300,-1.0,0.0,1.0,1.0,djjjjüüüee
1301,-1.0,0.0,1.0,1.0, ıügşğbgii
1302,-1.0,0.0,1.0,1.0,nniişşhhhe
1303,-1.0,0.0,1.0,1.0,eööökvvppm
1304,-1.0,0.0,1.0,1.0,0ddddd0qqb
1305,-1.0,0.0,1.0,1.0,üfüöñngggn
1306,-1.0,0.0,1.0,1.0,aafgffkkkñ
1307,-1.0,0.0,1.0,1.0,oogçñññhjk
1308,-1.0,0.0,1.0,1.0,ojppphçççç
1309,-1.0,0.0,1.0,1.0,hçmu offpu
1310,-1.0,0.0,1.0,1.0,üüfkkgççqq
1311,-1.0,0.0,1.0,1.0,ççç00nn0kk
1312,-1.0,0.0,1.0,1.0,hvsclllllj
1313,-1.0,0.0,1.0,1.0,kugg000ppd
1314,-1.0,0.0,1.0,1.0,phhslllldü
1315,-1.0,0.0,1.0,1.0,giggzbbnnğ
1316,-1.0,0.0,1.0,1.0,zzşşşööüüv
1317,-1.0,0.0,1.0,1.0,llmmkkmççs
1318,-1.0,0.0,1.0,1.0,dqfqdnndcc
1319,-1.0,0.0,1.0,1.0,zbgnkbbbbi
1320,-1.0,0.0,1.0,1.0,ııavva000q
1321,-1.0,0.0,1.0,1.0,vfftüözönn
1322,-1.0,0.0,1.0,1.0,v0vfşfffff
1323,-1.0,0.0,1.0,1.0,iauuu00btc
1324,-1.0,0.0,1.0,1.0,ıhmtsssala
1325,-1.0,0.0,1.0,1.0,ypygggpñgg
1326,0.0,0.5,1.0,1.0,qbbnnnmmçs
1327,0.0,0.5,1.0,1.0,ggiiiiipi 
1328,-1.0,0.0,1.0,1.0,ggslakffpp
1329,-1.0,0.0,1.0,1.0,0g00ooppaa
1330,-1.0,0.0,1.0,1.0,äçggoo00oü
1331,-1.0,0.0,1.0,1.0,ffpvbddddç
1332,-1.0,0.0,1.0,1.0,odöödjjfcc
1333,-1.0,0.0,1.0,1.0, giqdfddup
1334,-1.0,0.0,1.0,1.0,zpjpqiiüüj
1335,-1.0,0.0,1.0,1.0,gääbdğğfdp
1336,-1.0,0.0,1.0,1.0,ıffh0ädnns
1337,-1.0,0.0,1.0,1.0,usşşçççşçe
1338,-1.0,0.0,1.0,1.0,aäääääiiii
1339,-1.0,0.0,1.0,1.0,upddf00ffü
1340,-1.0,0.0,1.0,1.0,ddhooooooj
1341,-1.0,0.0,1.0,1.0,üäabçgngge
1342,-1.0,0.0,1.0,1.0,eeudddnnnn
1343,-1.0,0.0,1.0,1.0,gkpphhñññn
1344,-1.0,0.0,1.0,1.0,kçqjbnnb b
1345,-1.0,0.0,1.0,1.0,hzgfffäfjj
1346,-1.0,0.0,1.0,1.0,şg fpgköög
1347,-1.0,0.0,1.0,1.0,uşunnnnnnp
1348,-1.0,0.0,1.0,1.0,hzgrrrgvgg
1349,-1.0,0.0,1.0,1.0,ñoooo rr f
1350,-1.0,0.0,1.0,1.0,bjrbbaayçç
1351,-1.0,0.0,1.0,1.0,bagfrzbbcc
1352,-1.0,0.0,1.0,1.0,00hhyyyzbn
1353,-1.0,0.0,1.0,1.0,nj000000üü
1354,-1.0,0.0,1.0,1.0,lbkkkkäççr
1355,-1.0,0.0,1.0,1.0,v0ğñztbbkg
1356,-1.0,0.0,1.0,1.0,ppäşääööhh
1357,-1.0,0.0,1.0,1.0,şt  zszhkh
1358,-1.0,0.0,1.0,1.0,ciizggrbga
1359,-1.0,0.0,1.0,1.0,ooohvvppkk
1360,-1.0,0.0,1.0,1.0,00hüükgenc
1361,-1.0,0.0,1.0,1.0,i üübzzzgg
1362,-1.0,0.0,1.0,1.0,gsnzszzğrr
1363,-1.0,0.0,1.0,1.0,şqkqqoobbb
1364,-1.0,0.0,1.0,1.0,kkocohhiäk
1365,-1.0,0.0,1.0,1.0,çççiaaaaaç
1366,-1.0,0.0,1.0,1.0,çççttçsöss
1367,-1.0,0.0,1.0,1.0,ñşşişfffff
1368,-1.0,0.0,1.0,1.0,kkkkvrcbob
1369,-1.0,0.0,1.0,1.0,00tççssssb
1370,0.0,0.5,1.0,1.0,böıvtaaaañ
1371,-1.0,0.0,1.0,1.0,ñddkblbboo
1372,-1.0,0.0,1.0,1.0,günebnnññ0
1373,-1.0,0.0,1.0,1.0,eggiingbgn
1374,-1.0,0.0,1.0,1.0,jüobbbbbıı
1375,-1.0,0.0,1.0,1.0,ssssgbbbhb
1376,-1.0,0.0,1.0,1.0,ceshhçjnnn
1377,-1.0,0.0,1.0,1.0,üüüüüodddö
1378,-1.0,0.0,1.0,1.0,fdciiijpan
1379,-1.0,0.0,1.0,1.0,cgkvkggğğt
1380,-1.0,0.0,1.0,1.0,üüäääönkkf
1381,-1.0,0.0,1.0,1.0,bbooofpppş
1382,-1.0,0.0,1.0,1.0,ddrkccciññ
1383,-1.0,0.0,1.0,1.0,ücäräiigug
1384,-1.0,0.0,1.0,1.0,ddnbüüünbf
1385,-1.0,0.0,1.0,1.0,gäääjğğmşg
1386,-1.0,0.0,1.0,1.0,0tbabbboii
1387,-1.0,0.0,1.0,1.0,şşgggggppj
1388,-1.0,0.0,1.0,1.0,abnnzgbbññ
1389,-1.0,0.0,1.0,1.0,iigzk0şnğğ
1390,-1.0,0.0,1.0,1.0,änzzpznışn
1391,-1.0,0.0,1.0,1.0,hjkkkkkkna
1392,-1.0,0.0,1.0,1.0,qhllllllcc
1393,-1.0,0.0,1.0,1.0,qlçççççlöç
1394,-1.0,0.0,1.0,1.0,zzzffffppd
1395,0.0,0.5,1.0,1.0,0ıhj0vşkio
1396,-1.0,0.0,1.0,1.0,vvvhhhhppp
1397,-1.0,0.0,1.0,1.0,nnçççkiavv
1398,-1.0,0.0,1.0,1.0,gklqtciiii
1399,-1.0,0.0,1.0,1.0,öeçççrzvlb
1400,-1.0,0.0,1.0,1.0,v   ggpppa
1401,-1.0,0.0,1.0,1.0,hlambgggbc
1402,-1.0,0.0,1.0,1.0,vüüşabäbbb
1403,0.0,0.5,1.0,1.0,epnoşqnnze
1404,-1.0,0.0,1.0,1.0,g00ijffggg
1405,-1.0,0.0,1.0,1.0,kk00ggfff0
1406,-1.0,0.0,1.0,1.0,ıa0vfffiii
1407,-1.0,0.0,1.0,1.0,kggf00bnnñ
1408,-1.0,0.0,1.0,1.0,gggcgggggg
1409,-1.0,0.0,1.0,1.0,üühhhhççññ
1410,-1.0,0.0,1.0,1.0,jjdddppfff
1411,-1.0,0.0,1.0,1.0,agggg jlqç
1412,-1.0,0.0,1.0,1.0,ooobbbbbbb
1413,-1.0,0.0,1.0,1.0,ooçttraarr
1414,-1.0,0.0,1.0,1.0,nnaaaalnbe
1415,-1.0,0.0,1.0,1.0,çşşöööiş0p
1416,-1.0,0.0,1.0,1.0,nñjjpğeeei
1417,-1.0,0.0,1.0,1.0,hppppoooşş
1418,-1.0,0.0,1.0,1.0,şşfffppäjj
1419,-1.0,0.0,1.0,1.0,ooofbqkka0
1420,-1.0,0.0,1.0,1.0,ggimmñññvv
1421,-1.0,0.0,1.0,1.0,ffüüııımmn
1422,-1.0,0.0,1.0,1.0,çççç00gchl
1423,-1.0,0.0,1.0,1.0,döfzlalltt
1424,-1.0,0.0,1.0,1.0,ökkk000jjj
1425,-1.0,0.0,1.0,1.0,bbba00ülbn
1426,-1.0,0.0,1.0,1.0,0ddppoiooo
1427,-1.0,0.0,1.0,1.0,käääämmşnö
1428,-1.0,0.0,1.0,1.0,ggbgggnvvö
1429,-1.0,0.0,1.0,1.0,bkvvötemmç
1430,-1.0,0.0,1.0,1.0,o q qfdodd
1431,-1.0,0.0,1.0,1.0,ññhhzfpggi
1432,-1.0,0.0,1.0,1.0,üvvtuşkçşñ
1433,-1.0,0.0,1.0,1.0,qqddddnnnn
1434,-1.0,0.0,1.0,1.0,0şllllallä
1435,-1.0,0.0,1.0,1.0,üjjjrrrğğm
1436,-1.0,0.0,1.0,1.0,tvççocoooo
1437,-1.0,0.0,1.0,1.0,zz00kvpçss
1438,-1.0,0.0,1.0,1.0,ñrüüochhcş
1439,-1.0,0.0,1.0,1.0,çittppvvrr
1440,-1.0,0.0,1.0,1.0,rbgg fqhhp
1441,-1.0,0.0,1.0,1.0,gñgççt00vı
1442,-1.0,0.0,1.0,1.0,vghhhgddhh
1443,-1.0,0.0,1.0,1.0,i000 iikñv
1444,-1.0,0.0,1.0,1.0,ggnbnppppp
1445,-1.0,0.0,1.0,1.0,gkfobbbhhb
1446,-1.0,0.0,1.0,1.0,gppjäaa  i
1447,-1.0,0.0,1.0,1.0,ghc000tvvv
1448,-1.0,0.0,1.0,1.0,ggjalpppja
1449,-1.0,0.0,1.0,1.0,gg  ñññdñg
1450,-1.0,0.0,1.0,1.0,şşfkfjnvkn
1451,-1.0,0.0,1.0,1.0,pkvçğccccj
1452,-1.0,0.0,1.0,1.0,mvsshhhhpä
1453,-1.0,0.0,1.0,1.0,vvöööjsppi
1454,-1.0,0.0,1.0,1.0,eotfıı00üü
1455,-1.0,0.0,1.0,1.0,tüğññññ00ñ
1456,0.0,0.5,1.0,1.0,zzrbupgdğp
1457,-1.0,0.0,1.0,1.0,fıllnnnhcf
1458,-1.0,0.0,1.0,1.0,fkkkkvvvvv
1459,-1.0,0.0,1.0,1.0,innöönnnnn
1460,-1.0,0.0,1.0,1.0,püfkkççççi
1461,-1.0,0.0,1.0,1.0,gbbggivvjj
1462,-1.0,0.0,1.0,1.0,qh iiiiiff
1463,-1.0,0.0,1.0,1.0,z   oooojk
1464,-1.0,0.0,1.0,1.0,ugggff pgg
1465,-1.0,0.0,1.0,1.0,0mnkşşofşş
1466,-1.0,0.0,1.0,1.0,bbqqgggbbä
1467,-1.0,0.0,1.0,1.0,papjajgggg
1468,-1.0,0.0,1.0,1.0,00hhrffffi
1469,-1.0,0.0,1.0,1.0,vvnanjjjdd
1470,-1.0,0.0,1.0,1.0,düfoooüüff
1471,-1.0,0.0,1.0,1.0,bnbbbzbbbb
1472,-1.0,0.0,1.0,1.0,agdirççççç
1473,-1.0,0.0,1.0,1.0,gnpapnnnng
1474,-1.0,0.0,1.0,1.0,hpkkkkddşd
1475,-1.0,0.0,1.0,1.0,püömtiqhik
1476,-1.0,0.0,1.0,1.0,fpfhrööööş
1477,-1.0,0.0,1.0,1.0,ggrrrummcc
1478,-1.0,0.0,1.0,1.0,hhçcççcccs
1479,-1.0,0.0,1.0,1.0,qnnnnnnnnn
1480,-1.0,0.0,1.0,1.0,ññtkakkğğö
1481,-1.0,0.0,1.0,1.0,ggghjüoovk
1482,-1.0,0.0,1.0,1.0,naaggsgs00
1483,-1.0,0.0,1.0,1.0,hçhhhnnççn
1484,-1.0,0.0,1.0,1.0,ñiññççiiia
1485,-1.0,0.0,1.0,1.0,rrñeoqoobb
1486,-1.0,0.0,1.0,1.0,şçşşzzgggv
1487,-1.0,0.0,1.0,1.0,pppkkggühj
1488,-1.0,0.0,1.0,1.0,abbnnnnnnb
1489,-1.0,0.0,1.0,1.0,fççççvvnnn
1490,-1.0,0.0,1.0,1.0,nnffööpşkk
1491,-1.0,0.0,1.0,1.0,cl0bllccgg
1492,-1.0,0.0,1.0,1.0,ızhrorvoaç
1493,-1.0,0.0,1.0,1.0,bbddiiiicb
1494,-1.0,0.0,1.0,1.0,büiiii üvv
1495,-1.0,0.0,1.0,1.0,zpkfşşnnşş
1496,-1.0,0.0,1.0,1.0,uşfgffhccv
1497,-1.0,0.0,1.0,1.0,jcgg0ggbbb
1498,-1.0,0.0,1.0,1.0,äiiikzizbg
1499,0.0,0.5,1.0,1.0,üfnüüüüüüü
